<xml xmlns:o="urn:schemas-microsoft-com:office:office">
 <o:MainFile HRef="../survey.htm"/>
 <o:File HRef="image294.gif"/>
 <o:File HRef="image295.gif"/>
 <o:File HRef="image296.gif"/>
 <o:File HRef="image297.gif"/>
 <o:File HRef="image298.gif"/>
 <o:File HRef="image299.gif"/>
 <o:File HRef="image310.jpg"/>
 <o:File HRef="image313.gif"/>
 <o:File HRef="image316.gif"/>
 <o:File HRef="image318.gif"/>
 <o:File HRef="image3181.gif"/>
 <o:File HRef="image320.jpg"/>
 <o:File HRef="image322.jpg"/>
 <o:File HRef="image314.jpg"/>
 <o:File HRef="filelist.xml"/>
</xml>