v,np,l
http://advene.org/ns/cinelab/ld,cl,http://id.loc.gov/vocabulary/iso639-2/eng
http://advene.org/ns/cinelab/ld,cl,http://id.loc.gov/vocabulary/iso639-2/fra
http://aims.fao.org/aos/geopolitical.owl,geop,http://id.loc.gov/vocabulary/iso639-2/ara
http://aims.fao.org/aos/geopolitical.owl,geop,http://id.loc.gov/vocabulary/iso639-2/eng
http://aims.fao.org/aos/geopolitical.owl,geop,http://id.loc.gov/vocabulary/iso639-2/fra
http://aims.fao.org/aos/geopolitical.owl,geop,http://id.loc.gov/vocabulary/iso639-2/por
http://aims.fao.org/aos/geopolitical.owl,geop,http://id.loc.gov/vocabulary/iso639-2/spa
http://aims.fao.org/aos/geopolitical.owl,geop,http://id.loc.gov/vocabulary/iso639-2/zho
http://code-research.eu/ontology/visual-analytics,va,http://id.loc.gov/vocabulary/iso639-2/eng
http://comicmeta.org/cbo/,cbo,http://id.loc.gov/vocabulary/iso639-2/eng
http://contextus.net/ontology/ontomedia/core/expression#,oc,http://id.loc.gov/vocabulary/iso639-2/eng
http://contextus.net/ontology/ontomedia/core/space#,osr,http://id.loc.gov/vocabulary/iso639-2/eng
http://contextus.net/ontology/ontomedia/ext/common/being#,being,http://id.loc.gov/vocabulary/iso639-2/eng
http://contextus.net/ontology/ontomedia/ext/common/trait#,trait,http://id.loc.gov/vocabulary/iso639-2/eng
http://contextus.net/ontology/ontomedia/misc/date#,date,http://id.loc.gov/vocabulary/iso639-2/eng
http://contsem.unizar.es/def/sector-publico/pproc,pproc,http://id.loc.gov/vocabulary/iso639-2/eng
http://contsem.unizar.es/def/sector-publico/pproc,pproc,http://id.loc.gov/vocabulary/iso639-2/spa
http://courseware.rkbexplorer.com/ontologies/courseware,crsw,http://id.loc.gov/vocabulary/iso639-2/eng
http://d-nb.info/standards/elementset/agrelon.owl#,agrelon,http://id.loc.gov/vocabulary/iso639-2/deu
http://d-nb.info/standards/elementset/agrelon.owl#,agrelon,http://id.loc.gov/vocabulary/iso639-2/eng
http://d-nb.info/standards/elementset/agrelon.owl#,agrelon,http://id.loc.gov/vocabulary/iso639-2/ita
http://d-nb.info/standards/elementset/agrelon.owl#,agrelon,http://id.loc.gov/vocabulary/iso639-2/spa
http://data.ign.fr/def/topo,topo,http://id.loc.gov/vocabulary/iso639-2/eng
http://data.ign.fr/def/topo,topo,http://id.loc.gov/vocabulary/iso639-2/fra
http://data.opendiscoveryspace.eu/lom_ontology_ods.owl,lom,http://id.loc.gov/vocabulary/iso639-2/eng
http://data.press.net/ontology/tag/,pnt,http://id.loc.gov/vocabulary/iso639-2/eng
http://dati.cdec.it/lod/shoah/,shoah,http://id.loc.gov/vocabulary/iso639-2/eng
http://dati.isprambiente.it/ontology/core#,ispra,http://id.loc.gov/vocabulary/iso639-2/eng
http://dati.isprambiente.it/ontology/core#,ispra,http://id.loc.gov/vocabulary/iso639-2/ita
http://datos.gob.es/def/sector-publico/organizacion#,orges,http://id.loc.gov/vocabulary/iso639-2/spa
http://def.seegrid.csiro.au/isotc211/iso19103/2005/basic,basic,http://id.loc.gov/vocabulary/iso639-2/eng
http://def.seegrid.csiro.au/isotc211/iso19103/2005/basic,basic,http://id.loc.gov/vocabulary/iso639-2/fra
http://dev.poderopedia.com/vocab/schema,poder,http://id.loc.gov/vocabulary/iso639-2/eng
http://dev.poderopedia.com/vocab/schema,poder,http://id.loc.gov/vocabulary/iso639-2/spa
http://environment.data.gov.au/def/op,op,http://id.loc.gov/vocabulary/iso639-2/eng
http://gov.genealogy.net/ontology.owl,gov,http://id.loc.gov/vocabulary/iso639-2/deu
http://gov.genealogy.net/ontology.owl,gov,http://id.loc.gov/vocabulary/iso639-2/eng
http://idi.fundacionctic.org/cruzar/turismo,turismo,http://id.loc.gov/vocabulary/iso639-2/deu
http://idi.fundacionctic.org/cruzar/turismo,turismo,http://id.loc.gov/vocabulary/iso639-2/eng
http://idi.fundacionctic.org/cruzar/turismo,turismo,http://id.loc.gov/vocabulary/iso639-2/fra
http://idi.fundacionctic.org/cruzar/turismo,turismo,http://id.loc.gov/vocabulary/iso639-2/ita
http://idi.fundacionctic.org/cruzar/turismo,turismo,http://id.loc.gov/vocabulary/iso639-2/por
http://idi.fundacionctic.org/cruzar/turismo,turismo,http://id.loc.gov/vocabulary/iso639-2/spa
http://inference-web.org/2.0/pml-provenance.owl,pmlp,http://id.loc.gov/vocabulary/iso639-2/eng
http://iserve.kmi.open.ac.uk/ns/msm,msm,http://id.loc.gov/vocabulary/iso639-2/eng
http://kdo.render-project.eu/kdo#,kdo,http://id.loc.gov/vocabulary/iso639-2/eng
http://lawd.info/ontology/,lawd,http://id.loc.gov/vocabulary/iso639-2/eng
http://linked.earth/ontology#,earth,http://id.loc.gov/vocabulary/iso639-2/eng
http://linked.opendata.cz/ontology/ldvm/,ldvm,http://id.loc.gov/vocabulary/iso639-2/eng
http://linkedevents.org/ontology/,lode,http://id.loc.gov/vocabulary/iso639-2/eng
http://linkedscience.org/lsc/ns#,lsc,http://id.loc.gov/vocabulary/iso639-2/eng
http://linkedscience.org/teach/ns#,teach,http://id.loc.gov/vocabulary/iso639-2/eng
http://lod.nl.go.kr/ontology/,nlon,http://id.loc.gov/vocabulary/iso639-2/eng
http://lod.nl.go.kr/ontology/,nlon,http://id.loc.gov/vocabulary/iso639-2/kor
http://lod.xdams.org/reload/oad,oad,http://id.loc.gov/vocabulary/iso639-2/eng
http://lod.xdams.org/reload/oad,oad,http://id.loc.gov/vocabulary/iso639-2/ita
http://loted.eu/ontology,loted,http://id.loc.gov/vocabulary/iso639-2/deu
http://loted.eu/ontology,loted,http://id.loc.gov/vocabulary/iso639-2/eng
http://loted.eu/ontology,loted,http://id.loc.gov/vocabulary/iso639-2/fra
http://lsq.aksw.org/vocab,lsq,http://id.loc.gov/vocabulary/iso639-2/eng
http://metadataregistry.org/uri/schema/RDARelationshipsGR2,rdarel2,http://id.loc.gov/vocabulary/iso639-2/deu
http://metadataregistry.org/uri/schema/RDARelationshipsGR2,rdarel2,http://id.loc.gov/vocabulary/iso639-2/eng
http://mex.aksw.org/mex-algo,mexalgo,http://id.loc.gov/vocabulary/iso639-2/eng
http://mex.aksw.org/mex-algo,mexalgo,http://id.loc.gov/vocabulary/iso639-2/por
http://moat-project.org/ns#,moat,http://id.loc.gov/vocabulary/iso639-2/eng
http://ns.bergnet.org/tac/0.1/triple-access-control,tac,http://id.loc.gov/vocabulary/iso639-2/eng
http://ns.inria.fr/ludo,ludo,http://id.loc.gov/vocabulary/iso639-2/eng
http://ns.inria.fr/ast/sql#,sql,http://id.loc.gov/vocabulary/iso639-2/eng
http://ns.inria.fr/prissma/v2#,prissma,http://id.loc.gov/vocabulary/iso639-2/eng
http://ogp.me/ns,og,http://id.loc.gov/vocabulary/iso639-2/eng
http://online-presence.net/opo/ns#,opo,http://id.loc.gov/vocabulary/iso639-2/eng
http://ontologi.es/doap-bugs#,dbug,http://id.loc.gov/vocabulary/iso639-2/eng
http://ontology.cybershare.utep.edu/ELSEWeb/elseweb-modelling.owl,lswmo,http://id.loc.gov/vocabulary/iso639-2/eng
http://open-multinet.info/ontology/omn-federation,omnfed,http://id.loc.gov/vocabulary/iso639-2/eng
http://open.vocab.org/terms,ov,http://id.loc.gov/vocabulary/iso639-2/eng
http://persistence.uni-leipzig.org/nlp2rdf/ontologies/nif-core#,nif,http://id.loc.gov/vocabulary/iso639-2/eng
http://persistence.uni-leipzig.org/nlp2rdf/ontologies/rlog#,rlog,http://id.loc.gov/vocabulary/iso639-2/eng
http://privatealpha.com/ontology/certification/1#,acrt,http://id.loc.gov/vocabulary/iso639-2/eng
http://purl.obolibrary.org/obo/obi.owl,obo,http://id.loc.gov/vocabulary/iso639-2/eng
http://purl.oclc.org/NET/ldr/ns#,ldr,http://id.loc.gov/vocabulary/iso639-2/eng
http://purl.org/LiMo/0.1#,limoo,http://id.loc.gov/vocabulary/iso639-2/eng
http://purl.org/LiMo/0.1#,limoo,http://id.loc.gov/vocabulary/iso639-2/ita
http://purl.org/NET/biol/botany#,botany,http://id.loc.gov/vocabulary/iso639-2/eng
http://purl.org/NET/biol/ns#,biol,http://id.loc.gov/vocabulary/iso639-2/eng
http://purl.org/coo/ns#,coo,http://id.loc.gov/vocabulary/iso639-2/eng
http://purl.org/ctic/dcat#,ds,http://id.loc.gov/vocabulary/iso639-2/eng
http://purl.org/ctic/dcat#,ds,http://id.loc.gov/vocabulary/iso639-2/spa
http://purl.org/dita/ns#,dita,http://id.loc.gov/vocabulary/iso639-2/eng
http://purl.org/gen/0.1#,gen,http://id.loc.gov/vocabulary/iso639-2/eng
http://purl.org/hpi/patchr#,pat,http://id.loc.gov/vocabulary/iso639-2/eng
http://purl.org/iot/vocab/m3-lite#,m3lite,http://id.loc.gov/vocabulary/iso639-2/eng
http://purl.org/net/opmv/ns#,opmv,http://id.loc.gov/vocabulary/iso639-2/eng
http://purl.org/net/p-plan#,p-plan,http://id.loc.gov/vocabulary/iso639-2/eng
http://purl.org/net/po#,plo,http://id.loc.gov/vocabulary/iso639-2/eng
http://purl.org/ontology/ao/core#,ao,http://id.loc.gov/vocabulary/iso639-2/eng
http://purl.org/ontology/cco/core#,cco,http://id.loc.gov/vocabulary/iso639-2/eng
http://purl.org/ontology/co/core#,co,http://id.loc.gov/vocabulary/iso639-2/eng
http://purl.org/ontology/is/core#,is,http://id.loc.gov/vocabulary/iso639-2/eng
http://purl.org/ontology/olo/core#,olo,http://id.loc.gov/vocabulary/iso639-2/eng
http://purl.org/ontology/pbo/core#,pbo,http://id.loc.gov/vocabulary/iso639-2/eng
http://purl.org/ontology/prv/core#,pr,http://id.loc.gov/vocabulary/iso639-2/eng
http://purl.org/ontology/rec/core#,rec,http://id.loc.gov/vocabulary/iso639-2/eng
http://purl.org/ontology/wi/core#,wi,http://id.loc.gov/vocabulary/iso639-2/eng
http://purl.org/ontology/wo/core#,wo,http://id.loc.gov/vocabulary/iso639-2/eng
http://purl.org/opdm/refrigerator#,ofrd,http://id.loc.gov/vocabulary/iso639-2/deu
http://purl.org/opdm/refrigerator#,ofrd,http://id.loc.gov/vocabulary/iso639-2/eng
http://purl.org/opdm/refrigerator#,ofrd,http://id.loc.gov/vocabulary/iso639-2/spa
http://purl.org/reco#,reco,http://id.loc.gov/vocabulary/iso639-2/eng
http://purl.org/tio/ns#,tio,http://id.loc.gov/vocabulary/iso639-2/eng
http://purl.org/uco/ns#,uco,http://id.loc.gov/vocabulary/iso639-2/eng
http://purl.org/vvo/ns#,vvo,http://id.loc.gov/vocabulary/iso639-2/eng
http://purl.org/wai#,wai,http://id.loc.gov/vocabulary/iso639-2/eng
http://purl.org/xapi/ontology#,xapi,http://id.loc.gov/vocabulary/iso639-2/eng
http://rdaregistry.info/Elements/u,rdau,http://id.loc.gov/vocabulary/iso639-2/eng
http://rdf-vocabulary.ddialliance.org/phdd,phdd,http://id.loc.gov/vocabulary/iso639-2/eng
http://rdf.insee.fr/def/demo,idemo,http://id.loc.gov/vocabulary/iso639-2/fra
http://rdf.myexperiment.org/ontologies/base/,meb,http://id.loc.gov/vocabulary/iso639-2/eng
http://rdfs.co/juso/kr/,juso.kr,http://id.loc.gov/vocabulary/iso639-2/eng
http://rdfs.co/juso/kr/,juso.kr,http://id.loc.gov/vocabulary/iso639-2/kor
http://rdfs.org/scot/ns#,scot,http://id.loc.gov/vocabulary/iso639-2/eng
http://rdfunit.aksw.org/ns/core#,ruto,http://id.loc.gov/vocabulary/iso639-2/eng
http://rdvocab.info/RDARelationshipsWEMI,rdarel,http://id.loc.gov/vocabulary/iso639-2/eng
http://reegle.info/schema,reegle,http://id.loc.gov/vocabulary/iso639-2/eng
http://reference.data.gov.uk/def/parliament,parl,http://id.loc.gov/vocabulary/iso639-2/eng
http://reference.data.gov.uk/def/payment#,pay,http://id.loc.gov/vocabulary/iso639-2/eng
http://securitytoolbox.appspot.com/securityAlgorithms#,algo,http://id.loc.gov/vocabulary/iso639-2/eng
http://semweb.mmlab.be/ns/odapps,odapps,http://id.loc.gov/vocabulary/iso639-2/eng
http://semweb.mmlab.be/ns/stoptimes#Ontology,st,http://id.loc.gov/vocabulary/iso639-2/eng
http://semwebquality.org/ontologies/dq-constraints,dqc,http://id.loc.gov/vocabulary/iso639-2/eng
http://sensormeasurement.appspot.com/ont/home/homeActivity#,ha,http://id.loc.gov/vocabulary/iso639-2/eng
http://simile.mit.edu/2003/10/ontologies/vraCore3#,vra,http://id.loc.gov/vocabulary/iso639-2/eng
http://spitfire-project.eu/ontology/ns,spt,http://id.loc.gov/vocabulary/iso639-2/eng
http://sw-portal.deri.org/ontologies/swportal,swpo,http://id.loc.gov/vocabulary/iso639-2/eng
http://swrc.ontoware.org/ontology-07,swrc,http://id.loc.gov/vocabulary/iso639-2/deu
http://umbel.org/umbel,umbel,http://id.loc.gov/vocabulary/iso639-2/eng
http://voag.linkedmodel.org/schema/voag,voag,http://id.loc.gov/vocabulary/iso639-2/eng
http://vocab.datex.org/terms#,datex,http://id.loc.gov/vocabulary/iso639-2/eng
http://vocab.gtfs.org/terms#,gtfs,http://id.loc.gov/vocabulary/iso639-2/eng
http://vocab.sti2.at/vsearch/,vsearch,http://id.loc.gov/vocabulary/iso639-2/eng
http://www.agls.gov.au/agls/terms,agls,http://id.loc.gov/vocabulary/iso639-2/eng
http://www.biopax.org/release/biopax-level3.owl,biopax,http://id.loc.gov/vocabulary/iso639-2/eng
http://www.bl.uk/schemas/bibliographic/blterms,blt,http://id.loc.gov/vocabulary/iso639-2/eng
http://www.cidoc-crm.org/cidoc-crm/,crm,http://id.loc.gov/vocabulary/iso639-2/deu
http://www.cidoc-crm.org/cidoc-crm/,crm,http://id.loc.gov/vocabulary/iso639-2/ell
http://www.cidoc-crm.org/cidoc-crm/,crm,http://id.loc.gov/vocabulary/iso639-2/eng
http://www.cidoc-crm.org/cidoc-crm/,crm,http://id.loc.gov/vocabulary/iso639-2/fra
http://www.cidoc-crm.org/cidoc-crm/,crm,http://id.loc.gov/vocabulary/iso639-2/por
http://www.cidoc-crm.org/cidoc-crm/,crm,http://id.loc.gov/vocabulary/iso639-2/rus
http://www.demcare.eu/ontologies/demlab.owl,demlab,http://id.loc.gov/vocabulary/iso639-2/eng
http://www.ebu.ch/metadata/ontologies/ebucore/ebucore,ebucore,http://id.loc.gov/vocabulary/iso639-2/cha
http://www.ebu.ch/metadata/ontologies/ebucore/ebucore,ebucore,http://id.loc.gov/vocabulary/iso639-2/eng
http://www.ebu.ch/metadata/ontologies/ebucore/ebucore,ebucore,http://id.loc.gov/vocabulary/iso639-2/ile
http://www.ebu.ch/metadata/ontologies/ebucore/ebucore,ebucore,http://id.loc.gov/vocabulary/iso639-2/nld
http://www.ebu.ch/metadata/ontologies/ebucore/ebucore,ebucore,http://id.loc.gov/vocabulary/iso639-2/nor
http://www.ebusiness-unibw.org/ontologies/consumerelectronics/v1,ceo,http://id.loc.gov/vocabulary/iso639-2/deu
http://www.ebusiness-unibw.org/ontologies/consumerelectronics/v1,ceo,http://id.loc.gov/vocabulary/iso639-2/eng
http://www.eclap.eu/schema/eclap/,eclap,http://id.loc.gov/vocabulary/iso639-2/eng
http://www.essepuntato.it/2013/03/cito-functions,citof,http://id.loc.gov/vocabulary/iso639-2/eng
http://www.geonames.org/ontology,gn,http://id.loc.gov/vocabulary/iso639-2/bul
http://www.geonames.org/ontology,gn,http://id.loc.gov/vocabulary/iso639-2/eng
http://www.geonames.org/ontology,gn,http://id.loc.gov/vocabulary/iso639-2/nor
http://www.geonames.org/ontology,gn,http://id.loc.gov/vocabulary/iso639-2/rus
http://www.geonames.org/ontology,gn,http://id.loc.gov/vocabulary/iso639-2/swe
http://www.gsi.dit.upm.es/ontologies/marl/ns,marl,http://id.loc.gov/vocabulary/iso639-2/eng
http://www.ics.forth.gr/isl/oae/core,oae,http://id.loc.gov/vocabulary/iso639-2/eng
http://www.identity.org/ontologies/identity.owl,identity,http://id.loc.gov/vocabulary/iso639-2/eng
http://www.identity.org/ontologies/identity.owl,identity,http://id.loc.gov/vocabulary/iso639-2/fra
http://www.kanzaki.com/ns/whois,whois,http://id.loc.gov/vocabulary/iso639-2/jpn
http://www.lexinfo.net/ontology/2.0/lexinfo,lexinfo,http://id.loc.gov/vocabulary/iso639-2/deu
http://www.lexinfo.net/ontology/2.0/lexinfo,lexinfo,http://id.loc.gov/vocabulary/iso639-2/eng
http://www.lexinfo.net/ontology/2.0/lexinfo,lexinfo,http://id.loc.gov/vocabulary/iso639-2/fra
http://www.lingvoj.org/ontology,lingvo,http://id.loc.gov/vocabulary/iso639-2/deu
http://www.lingvoj.org/ontology,lingvo,http://id.loc.gov/vocabulary/iso639-2/eng
http://www.lingvoj.org/ontology,lingvo,http://id.loc.gov/vocabulary/iso639-2/fin
http://www.lingvoj.org/ontology,lingvo,http://id.loc.gov/vocabulary/iso639-2/fra
http://www.lingvoj.org/ontology,lingvo,http://id.loc.gov/vocabulary/iso639-2/ita
http://www.lingvoj.org/ontology,lingvo,http://id.loc.gov/vocabulary/iso639-2/jpn
http://www.lingvoj.org/ontology,lingvo,http://id.loc.gov/vocabulary/iso639-2/nld
http://www.lingvoj.org/ontology,lingvo,http://id.loc.gov/vocabulary/iso639-2/nor
http://www.lingvoj.org/ontology,lingvo,http://id.loc.gov/vocabulary/iso639-2/pol
http://www.lingvoj.org/ontology,lingvo,http://id.loc.gov/vocabulary/iso639-2/por
http://www.lingvoj.org/ontology,lingvo,http://id.loc.gov/vocabulary/iso639-2/rus
http://www.lingvoj.org/ontology,lingvo,http://id.loc.gov/vocabulary/iso639-2/spa
http://www.lingvoj.org/ontology,lingvo,http://id.loc.gov/vocabulary/iso639-2/swe
http://www.lingvoj.org/ontology,lingvo,http://id.loc.gov/vocabulary/iso639-2/tur
http://www.lingvoj.org/ontology,lingvo,http://id.loc.gov/vocabulary/iso639-2/zho
http://www.linklion.org/ontology,llont,http://id.loc.gov/vocabulary/iso639-2/eng
http://www.loc.gov/mads/rdf/v1,mads,http://id.loc.gov/vocabulary/iso639-2/eng
http://www.observedchange.com/moac/ns#,moac,http://id.loc.gov/vocabulary/iso639-2/eng
http://www.observedchange.com/tisc/ns#,tisc,http://id.loc.gov/vocabulary/iso639-2/eng
http://www.opengis.net/ont/geosparql,gsp,http://id.loc.gov/vocabulary/iso639-2/eng
http://www.opmw.org/ontology/,opmw,http://id.loc.gov/vocabulary/iso639-2/eng
http://www.purl.org/net/remetca#,remetca,http://id.loc.gov/vocabulary/iso639-2/eng
http://www.rkbexplorer.com/ontologies/acm,acm,http://id.loc.gov/vocabulary/iso639-2/eng
http://www.samos.gr/ontologies/helpdeskOnto.owl,hdo,http://id.loc.gov/vocabulary/iso639-2/ell
http://www.samos.gr/ontologies/helpdeskOnto.owl,hdo,http://id.loc.gov/vocabulary/iso639-2/eng
http://www.semanticweb.org/ontologies/2008/11/OntologySecurity.owl,ontosec,http://id.loc.gov/vocabulary/iso639-2/eng
http://www.sensormeasurement.appspot.com/ont/transport/traffic,traffic,http://id.loc.gov/vocabulary/iso639-2/eng
http://www.w3.org/ns/auth/cert#,cert,http://id.loc.gov/vocabulary/iso639-2/eng
http://www.w3.org/ns/csvw#,csvw,http://id.loc.gov/vocabulary/iso639-2/eng
http://www.w3.org/ns/oa#,oa,http://id.loc.gov/vocabulary/iso639-2/eng
http://www.w3.org/ns/oa#,oa,http://id.loc.gov/vocabulary/iso639-2/ita
http://www.w3.org/ns/r2rml#,rr,http://id.loc.gov/vocabulary/iso639-2/eng
http://www.w3.org/ns/radion#,radion,http://id.loc.gov/vocabulary/iso639-2/eng
http://www.wsmo.org/ns/wsmo-lite#,wl,http://id.loc.gov/vocabulary/iso639-2/eng
http://zbw.eu/namespaces/zbw-extensions,zbwext,http://id.loc.gov/vocabulary/iso639-2/eng
https://decision-ontology.googlecode.com/svn/trunk/decision.owl,decision,http://id.loc.gov/vocabulary/iso639-2/eng
https://decision-ontology.googlecode.com/svn/trunk/decision.owl,decision,http://id.loc.gov/vocabulary/iso639-2/pol
https://raw.githubusercontent.com/airs-linked-data/lov/latest/src/airs_vocabulary.ttl#,airs,http://id.loc.gov/vocabulary/iso639-2/eng
https://raw.githubusercontent.com/airs-linked-data/lov/latest/src/airs_vocabulary.ttl#,airs,http://id.loc.gov/vocabulary/iso639-2/fra
https://raw.githubusercontent.com/airs-linked-data/lov/latest/src/airs_vocabulary.ttl#,airs,http://id.loc.gov/vocabulary/iso639-2/spa
https://vocab.eccenca.com/revision/,eccrev,http://id.loc.gov/vocabulary/iso639-2/eng
http://www.w3.org/2000/10/swap/pim/contact,con,http://id.loc.gov/vocabulary/iso639-2/eng
http://www.w3.org/2000/10/swap/pim/contact,con,http://id.loc.gov/vocabulary/iso639-2/fra
http://www.w3.org/2001/sw/hcls/ns/transmed/,tmo,http://id.loc.gov/vocabulary/iso639-2/eng
http://www.w3.org/2003/06/sw-vocab-status/ns,vs,http://id.loc.gov/vocabulary/iso639-2/eng
http://www.w3.org/2003/12/exif/ns,exif,http://id.loc.gov/vocabulary/iso639-2/eng
http://www.w3.org/2003/12/exif/ns,exif,http://id.loc.gov/vocabulary/iso639-2/fra
http://www.w3.org/2003/12/exif/ns,exif,http://id.loc.gov/vocabulary/iso639-2/jpn
http://www.w3.org/2004/02/skos/core,skos,http://id.loc.gov/vocabulary/iso639-2/eng
http://www.w3.org/2006/03/test-description,test,http://id.loc.gov/vocabulary/iso639-2/eng
http://www.w3.org/2006/vcard/ns,vcard,http://id.loc.gov/vocabulary/iso639-2/eng
http://www.w3.org/2007/05/powder-s,wdrs,http://id.loc.gov/vocabulary/iso639-2/eng
http://www.w3.org/2008/05/skos-xl,skosxl,http://id.loc.gov/vocabulary/iso639-2/eng
http://www.w3.org/2011/content,cnt,http://id.loc.gov/vocabulary/iso639-2/eng
http://www.w3.org/2011/http,http,http://id.loc.gov/vocabulary/iso639-2/eng
http://www.w3.org/TR/2003/PR-owl-guide-20031209/wine,vin,http://id.loc.gov/vocabulary/iso639-2/eng
http://www.w3.org/TR/2003/PR-owl-guide-20031209/wine,vin,http://id.loc.gov/vocabulary/iso639-2/fra
http://www.w3.org/ns/adms,adms,http://id.loc.gov/vocabulary/iso639-2/eng
http://www.w3.org/ns/auth/acl,acl,http://id.loc.gov/vocabulary/iso639-2/eng
http://www.w3.org/ns/dcat,dcat,http://id.loc.gov/vocabulary/iso639-2/ara
http://www.w3.org/ns/dcat,dcat,http://id.loc.gov/vocabulary/iso639-2/ell
http://www.w3.org/ns/dcat,dcat,http://id.loc.gov/vocabulary/iso639-2/eng
http://www.w3.org/ns/dcat,dcat,http://id.loc.gov/vocabulary/iso639-2/fra
http://www.w3.org/ns/dcat,dcat,http://id.loc.gov/vocabulary/iso639-2/jpn
http://www.w3.org/ns/dcat,dcat,http://id.loc.gov/vocabulary/iso639-2/spa
http://www.w3.org/ns/earl,earl,http://id.loc.gov/vocabulary/iso639-2/eng
http://www.w3.org/ns/locn,locn,http://id.loc.gov/vocabulary/iso639-2/eng
http://www.w3.org/ns/odrl/2/,odrl,http://id.loc.gov/vocabulary/iso639-2/eng
http://www.w3.org/ns/person,person,http://id.loc.gov/vocabulary/iso639-2/eng
http://www.w3.org/ns/regorg,rov,http://id.loc.gov/vocabulary/iso639-2/eng
http://www.w3.org/ns/ui,ui,http://id.loc.gov/vocabulary/iso639-2/eng
http://purl.org/NET/seas,seas,http://id.loc.gov/vocabulary/iso639-2/eng
http://purl.org/acco/ns,acco,http://id.loc.gov/vocabulary/iso639-2/eng
http://purl.org/biodiversity/taxon/,taxon,http://id.loc.gov/vocabulary/iso639-2/eng
http://purl.org/cerif/frapo/,frapo,http://id.loc.gov/vocabulary/iso639-2/eng
http://purl.org/cld/cdtype/,cdtype,http://id.loc.gov/vocabulary/iso639-2/eng
http://purl.org/cld/terms/,cld,http://id.loc.gov/vocabulary/iso639-2/eng
http://purl.org/co,coll,http://id.loc.gov/vocabulary/iso639-2/eng
http://purl.org/configurationontology,cold,http://id.loc.gov/vocabulary/iso639-2/eng
http://purl.org/configurationontology,cold,http://id.loc.gov/vocabulary/iso639-2/fra
http://purl.org/ctic/empleo/oferta,emp,http://id.loc.gov/vocabulary/iso639-2/eng
http://purl.org/ctic/empleo/oferta,emp,http://id.loc.gov/vocabulary/iso639-2/spa
http://purl.org/ctic/infraestructuras/localizacion,loc,http://id.loc.gov/vocabulary/iso639-2/eng
http://purl.org/ctic/infraestructuras/localizacion,loc,http://id.loc.gov/vocabulary/iso639-2/spa
http://purl.org/ctic/infraestructuras/organizacion,ctorg,http://id.loc.gov/vocabulary/iso639-2/eng
http://purl.org/ctic/infraestructuras/organizacion,ctorg,http://id.loc.gov/vocabulary/iso639-2/spa
http://purl.org/ctic/sector-publico/elecciones,elec,http://id.loc.gov/vocabulary/iso639-2/eng
http://purl.org/ctic/sector-publico/elecciones,elec,http://id.loc.gov/vocabulary/iso639-2/spa
http://purl.org/dc/dcam/,dcam,http://id.loc.gov/vocabulary/iso639-2/eng
http://purl.org/dc/dcmitype/,dctype,http://id.loc.gov/vocabulary/iso639-2/eng
http://purl.org/dc/elements/1.1/,dce,http://id.loc.gov/vocabulary/iso639-2/eng
http://purl.org/dc/terms/,dcterms,http://id.loc.gov/vocabulary/iso639-2/eng
http://purl.org/dqm-vocabulary/v1/dqm,dqm,http://id.loc.gov/vocabulary/iso639-2/deu
http://purl.org/dqm-vocabulary/v1/dqm,dqm,http://id.loc.gov/vocabulary/iso639-2/eng
http://purl.org/dsnotify/vocab/eventset/,dsn,http://id.loc.gov/vocabulary/iso639-2/eng
http://purl.org/essglobal/vocab/,essglobal,http://id.loc.gov/vocabulary/iso639-2/eng
http://purl.org/essglobal/vocab/,essglobal,http://id.loc.gov/vocabulary/iso639-2/fra
http://purl.org/essglobal/vocab/,essglobal,http://id.loc.gov/vocabulary/iso639-2/ita
http://purl.org/essglobal/vocab/,essglobal,http://id.loc.gov/vocabulary/iso639-2/por
http://purl.org/essglobal/vocab/,essglobal,http://id.loc.gov/vocabulary/iso639-2/spa
http://purl.org/goodrelations/v1,gr,http://id.loc.gov/vocabulary/iso639-2/eng
http://purl.org/ipo/core,ipo,http://id.loc.gov/vocabulary/iso639-2/eng
http://purl.org/iso25964/skos-thes,iso-thes,http://id.loc.gov/vocabulary/iso639-2/eng
http://purl.org/library/,lib,http://id.loc.gov/vocabulary/iso639-2/eng
http://purl.org/linguistics/gold,gold,http://id.loc.gov/vocabulary/iso639-2/eng
http://purl.org/linked-data/cube,qb,http://id.loc.gov/vocabulary/iso639-2/eng
http://purl.org/linked-data/sdmx,sdmx,http://id.loc.gov/vocabulary/iso639-2/eng
http://purl.org/linked-data/sdmx/2009/code,sdmx-code,http://id.loc.gov/vocabulary/iso639-2/eng
http://purl.org/linked-data/sdmx/2009/dimension,sdmx-dimension,http://id.loc.gov/vocabulary/iso639-2/eng
http://purl.org/linkingyou/,lyou,http://id.loc.gov/vocabulary/iso639-2/eng
http://purl.org/lobid/lv,lv,http://id.loc.gov/vocabulary/iso639-2/deu
http://purl.org/lobid/lv,lv,http://id.loc.gov/vocabulary/iso639-2/eng
http://purl.org/media,media,http://id.loc.gov/vocabulary/iso639-2/eng
http://purl.org/muto/core,muto,http://id.loc.gov/vocabulary/iso639-2/eng
http://purl.org/net/VideoGameOntology,vgo,http://id.loc.gov/vocabulary/iso639-2/eng
http://purl.org/net/lio,lio,http://id.loc.gov/vocabulary/iso639-2/eng
http://purl.org/net/nknouf/ns/bibtex,bibtex,http://id.loc.gov/vocabulary/iso639-2/eng
http://purl.org/net/ns/ex,ex,http://id.loc.gov/vocabulary/iso639-2/jpn
http://purl.org/net/ns/ontology-annot,ont,http://id.loc.gov/vocabulary/iso639-2/jpn
http://purl.org/net/step,step,http://id.loc.gov/vocabulary/iso639-2/eng
http://purl.org/net/vocab/2004/03/label,label,http://id.loc.gov/vocabulary/iso639-2/dan
http://purl.org/net/vocab/2004/03/label,label,http://id.loc.gov/vocabulary/iso639-2/eng
http://purl.org/net/vocab/2004/03/label,label,http://id.loc.gov/vocabulary/iso639-2/spa
http://purl.org/net/wf-invocation,wf-invoc,http://id.loc.gov/vocabulary/iso639-2/eng
http://purl.org/net/wf-motifs,wfm,http://id.loc.gov/vocabulary/iso639-2/eng
http://purl.org/olia/ubyCat.owl,uby,http://id.loc.gov/vocabulary/iso639-2/eng
http://purl.org/ontology/bibo/,bibo,http://id.loc.gov/vocabulary/iso639-2/eng
http://purl.org/ontology/daia,daia,http://id.loc.gov/vocabulary/iso639-2/eng
http://purl.org/ontology/dso,docso,http://id.loc.gov/vocabulary/iso639-2/eng
http://purl.org/ontology/dvia,dvia,http://id.loc.gov/vocabulary/iso639-2/eng
http://purl.org/ontology/dvia,dvia,http://id.loc.gov/vocabulary/iso639-2/fra
http://purl.org/ontology/ecpo,ecpo,http://id.loc.gov/vocabulary/iso639-2/deu
http://purl.org/ontology/ecpo,ecpo,http://id.loc.gov/vocabulary/iso639-2/eng
http://purl.org/ontology/holding,holding,http://id.loc.gov/vocabulary/iso639-2/eng
http://purl.org/ontology/places,place,http://id.loc.gov/vocabulary/iso639-2/deu
http://purl.org/ontology/places,place,http://id.loc.gov/vocabulary/iso639-2/eng
http://purl.org/ontology/places,place,http://id.loc.gov/vocabulary/iso639-2/fra
http://purl.org/ontology/places,place,http://id.loc.gov/vocabulary/iso639-2/spa
http://purl.org/ontology/places,place,http://id.loc.gov/vocabulary/iso639-2/zho
http://purl.org/ontology/po/,po,http://id.loc.gov/vocabulary/iso639-2/eng
http://purl.org/ontology/service,service,http://id.loc.gov/vocabulary/iso639-2/eng
http://purl.org/ontology/similarity/,sim,http://id.loc.gov/vocabulary/iso639-2/eng
http://purl.org/ontology/ssso,ssso,http://id.loc.gov/vocabulary/iso639-2/eng
http://purl.org/ontology/stories/,stories,http://id.loc.gov/vocabulary/iso639-2/eng
http://purl.org/ontology/storyline,nsl,http://id.loc.gov/vocabulary/iso639-2/eng
http://purl.org/ontology/wo/,wlo,http://id.loc.gov/vocabulary/iso639-2/eng
http://purl.org/oslo/ns/localgov,oslo,http://id.loc.gov/vocabulary/iso639-2/eng
http://purl.org/oslo/ns/localgov,oslo,http://id.loc.gov/vocabulary/iso639-2/fra
http://purl.org/pav/,pav,http://id.loc.gov/vocabulary/iso639-2/eng
http://purl.org/procurement/public-contracts,pc,http://id.loc.gov/vocabulary/iso639-2/ces
http://purl.org/procurement/public-contracts,pc,http://id.loc.gov/vocabulary/iso639-2/deu
http://purl.org/procurement/public-contracts,pc,http://id.loc.gov/vocabulary/iso639-2/eng
http://purl.org/procurement/public-contracts,pc,http://id.loc.gov/vocabulary/iso639-2/fra
http://purl.org/qb4olap/cubes,qb4o,http://id.loc.gov/vocabulary/iso639-2/eng
http://purl.org/saws/ontology,saws,http://id.loc.gov/vocabulary/iso639-2/eng
http://purl.org/spar/biro,biro,http://id.loc.gov/vocabulary/iso639-2/eng
http://purl.org/spar/c4o,c4o,http://id.loc.gov/vocabulary/iso639-2/eng
http://purl.org/spar/cito/,cito,http://id.loc.gov/vocabulary/iso639-2/eng
http://purl.org/spar/datacite,dcite,http://id.loc.gov/vocabulary/iso639-2/eng
http://purl.org/spar/deo,deo,http://id.loc.gov/vocabulary/iso639-2/eng
http://purl.org/spar/doco,doco,http://id.loc.gov/vocabulary/iso639-2/eng
http://purl.org/spar/fabio/,fabio,http://id.loc.gov/vocabulary/iso639-2/eng
http://purl.org/spar/pro,pro,http://id.loc.gov/vocabulary/iso639-2/eng
http://purl.org/spar/pro,pro,http://id.loc.gov/vocabulary/iso639-2/ita
http://purl.org/spar/pso,pso,http://id.loc.gov/vocabulary/iso639-2/eng
http://purl.org/spar/pwo,pwo,http://id.loc.gov/vocabulary/iso639-2/eng
http://purl.org/spar/scoro/,scoro,http://id.loc.gov/vocabulary/iso639-2/eng
http://purl.org/swan/2.0/discourse-relationships/,dr,http://id.loc.gov/vocabulary/iso639-2/eng
http://purl.org/umu/uneskos,uneskos,http://id.loc.gov/vocabulary/iso639-2/eng
http://purl.org/vocab/aiiso/schema,aiiso,http://id.loc.gov/vocabulary/iso639-2/eng
http://purl.org/vocab/bio/0.1/,bio,http://id.loc.gov/vocabulary/iso639-2/eng
http://purl.org/vocab/changeset/schema,cs,http://id.loc.gov/vocabulary/iso639-2/eng
http://purl.org/vocab/frbr/core,frbr,http://id.loc.gov/vocabulary/iso639-2/eng
http://purl.org/vocab/frbr/extended,frbre,http://id.loc.gov/vocabulary/iso639-2/eng
http://purl.org/vocab/lifecycle/schema,lcy,http://id.loc.gov/vocabulary/iso639-2/eng
http://purl.org/vocab/participation/schema,part,http://id.loc.gov/vocabulary/iso639-2/eng
http://purl.org/vocab/relationship/,rel,http://id.loc.gov/vocabulary/iso639-2/eng
http://purl.org/vocab/vann/,vann,http://id.loc.gov/vocabulary/iso639-2/eng
http://purl.org/vocommons/voaf,voaf,http://id.loc.gov/vocabulary/iso639-2/eng
http://purl.org/vocommons/voaf,voaf,http://id.loc.gov/vocabulary/iso639-2/fra
http://purl.org/vso/ns,vso,http://id.loc.gov/vocabulary/iso639-2/eng
http://purl.org/wf4ever/ro,ro,http://id.loc.gov/vocabulary/iso639-2/eng
http://purl.org/wf4ever/wfdesc,wfdesc,http://id.loc.gov/vocabulary/iso639-2/eng
http://purl.org/wf4ever/wfprov,wfprov,http://id.loc.gov/vocabulary/iso639-2/eng
http://bblfish.net/work/atom-owl/2006-06-06/,awol,http://id.loc.gov/vocabulary/iso639-2/eng
http://commontag.org/ns#,ctag,http://id.loc.gov/vocabulary/iso639-2/eng
http://creativecommons.org/ns,cc,http://id.loc.gov/vocabulary/iso639-2/eng
http://d-nb.info/standards/elementset/gnd#,gndo,http://id.loc.gov/vocabulary/iso639-2/deu
http://d-nb.info/standards/elementset/gnd#,gndo,http://id.loc.gov/vocabulary/iso639-2/eng
http://data.archiveshub.ac.uk/def/,locah,http://id.loc.gov/vocabulary/iso639-2/eng
http://data.ign.fr/def/geofla,geofla,http://id.loc.gov/vocabulary/iso639-2/eng
http://data.ign.fr/def/geofla,geofla,http://id.loc.gov/vocabulary/iso639-2/fra
http://data.ign.fr/def/geometrie,geom,http://id.loc.gov/vocabulary/iso639-2/eng
http://data.ign.fr/def/geometrie,geom,http://id.loc.gov/vocabulary/iso639-2/fra
http://data.ign.fr/def/ignf,ignf,http://id.loc.gov/vocabulary/iso639-2/eng
http://data.ign.fr/def/ignf,ignf,http://id.loc.gov/vocabulary/iso639-2/fra
http://data.lirmm.fr/ontologies/poste,poste,http://id.loc.gov/vocabulary/iso639-2/fra
http://data.ordnancesurvey.co.uk/ontology/admingeo/,osadm,http://id.loc.gov/vocabulary/iso639-2/eng
http://data.ordnancesurvey.co.uk/ontology/postcode/,postcode,http://id.loc.gov/vocabulary/iso639-2/eng
http://data.ordnancesurvey.co.uk/ontology/spatialrelations/,osspr,http://id.loc.gov/vocabulary/iso639-2/eng
http://data.press.net/ontology/asset/,pna,http://id.loc.gov/vocabulary/iso639-2/eng
http://data.press.net/ontology/classification/,pnc,http://id.loc.gov/vocabulary/iso639-2/eng
http://data.press.net/ontology/event/,pne,http://id.loc.gov/vocabulary/iso639-2/eng
http://data.press.net/ontology/identifier/,pni,http://id.loc.gov/vocabulary/iso639-2/eng
http://data.press.net/ontology/stuff/,pns,http://id.loc.gov/vocabulary/iso639-2/eng
http://dati.camera.it/ocd/,ocd,http://id.loc.gov/vocabulary/iso639-2/ita
http://dbpedia.org/ontology/,dbpedia-owl,http://id.loc.gov/vocabulary/iso639-2/ben
http://dbpedia.org/ontology/,dbpedia-owl,http://id.loc.gov/vocabulary/iso639-2/ara
http://dbpedia.org/ontology/,dbpedia-owl,http://id.loc.gov/vocabulary/iso639-2/bel
http://dbpedia.org/ontology/,dbpedia-owl,http://id.loc.gov/vocabulary/iso639-2/bul
http://dbpedia.org/ontology/,dbpedia-owl,http://id.loc.gov/vocabulary/iso639-2/cat
http://dbpedia.org/ontology/,dbpedia-owl,http://id.loc.gov/vocabulary/iso639-2/ces
http://dbpedia.org/ontology/,dbpedia-owl,http://id.loc.gov/vocabulary/iso639-2/deu
http://dbpedia.org/ontology/,dbpedia-owl,http://id.loc.gov/vocabulary/iso639-2/ell
http://dbpedia.org/ontology/,dbpedia-owl,http://id.loc.gov/vocabulary/iso639-2/eng
http://dbpedia.org/ontology/,dbpedia-owl,http://id.loc.gov/vocabulary/iso639-2/eus
http://dbpedia.org/ontology/,dbpedia-owl,http://id.loc.gov/vocabulary/iso639-2/fra
http://dbpedia.org/ontology/,dbpedia-owl,http://id.loc.gov/vocabulary/iso639-2/gle
http://dbpedia.org/ontology/,dbpedia-owl,http://id.loc.gov/vocabulary/iso639-2/ind
http://dbpedia.org/ontology/,dbpedia-owl,http://id.loc.gov/vocabulary/iso639-2/ita
http://dbpedia.org/ontology/,dbpedia-owl,http://id.loc.gov/vocabulary/iso639-2/jpn
http://dbpedia.org/ontology/,dbpedia-owl,http://id.loc.gov/vocabulary/iso639-2/kor
http://dbpedia.org/ontology/,dbpedia-owl,http://id.loc.gov/vocabulary/iso639-2/nld
http://dbpedia.org/ontology/,dbpedia-owl,http://id.loc.gov/vocabulary/iso639-2/pol
http://dbpedia.org/ontology/,dbpedia-owl,http://id.loc.gov/vocabulary/iso639-2/por
http://dbpedia.org/ontology/,dbpedia-owl,http://id.loc.gov/vocabulary/iso639-2/rus
http://dbpedia.org/ontology/,dbpedia-owl,http://id.loc.gov/vocabulary/iso639-2/slv
http://dbpedia.org/ontology/,dbpedia-owl,http://id.loc.gov/vocabulary/iso639-2/spa
http://dbpedia.org/ontology/,dbpedia-owl,http://id.loc.gov/vocabulary/iso639-2/srp
http://dbpedia.org/ontology/,dbpedia-owl,http://id.loc.gov/vocabulary/iso639-2/tur
http://dbpedia.org/ontology/,dbpedia-owl,http://id.loc.gov/vocabulary/iso639-2/zho
http://def.seegrid.csiro.au/isotc211/iso19115/2003/extent,ext,http://id.loc.gov/vocabulary/iso639-2/eng
http://def.seegrid.csiro.au/isotc211/iso19115/2003/metadata,md,http://id.loc.gov/vocabulary/iso639-2/eng
http://def.seegrid.csiro.au/isotc211/iso19156/2011/observation,om,http://id.loc.gov/vocabulary/iso639-2/eng
http://def.seegrid.csiro.au/isotc211/iso19156/2011/observation,om,http://id.loc.gov/vocabulary/iso639-2/fra
http://def.seegrid.csiro.au/isotc211/iso19156/2011/sampling,sam,http://id.loc.gov/vocabulary/iso639-2/eng
http://def.seegrid.csiro.au/ontology/om/om-lite,oml,http://id.loc.gov/vocabulary/iso639-2/eng
http://def.seegrid.csiro.au/ontology/om/om-lite,oml,http://id.loc.gov/vocabulary/iso639-2/fra
http://def.seegrid.csiro.au/ontology/om/sam-lite,samfl,http://id.loc.gov/vocabulary/iso639-2/eng
http://delicias.dia.fi.upm.es/ontologies/ObjectWithStates.owl,obws,http://id.loc.gov/vocabulary/iso639-2/eng
http://elite.polito.it/ontologies/dogont.owl,dogont,http://id.loc.gov/vocabulary/iso639-2/eng
http://eprints.org/ontology/,ep,http://id.loc.gov/vocabulary/iso639-2/eng
http://erlangen-crm.org/current/,ecrm,http://id.loc.gov/vocabulary/iso639-2/eng
http://id.loc.gov/vocabulary/relators,mrel,http://id.loc.gov/vocabulary/iso639-2/eng
http://iflastandards.info/ns/fr/frad/,frad,http://id.loc.gov/vocabulary/iso639-2/eng
http://iflastandards.info/ns/fr/frad/,frad,http://id.loc.gov/vocabulary/iso639-2/spa
http://iflastandards.info/ns/fr/frbr/frbrer/,frbrer,http://id.loc.gov/vocabulary/iso639-2/eng
http://iflastandards.info/ns/fr/frbr/frbrer/,frbrer,http://id.loc.gov/vocabulary/iso639-2/spa
http://iflastandards.info/ns/isbd/elements/,isbd,http://id.loc.gov/vocabulary/iso639-2/eng
http://iflastandards.info/ns/isbd/elements/,isbd,http://id.loc.gov/vocabulary/iso639-2/spa
http://inference-web.org/2.0/ds.owl,dso,http://id.loc.gov/vocabulary/iso639-2/eng
http://iserve.kmi.open.ac.uk/ns/hrests,hr,http://id.loc.gov/vocabulary/iso639-2/eng
http://kmi.open.ac.uk/projects/smartproducts/ontologies/food.owl,spfood,http://id.loc.gov/vocabulary/iso639-2/eng
http://labs.mondeca.com/vocab/endpointStatus,ends,http://id.loc.gov/vocabulary/iso639-2/eng
http://lemon-model.net/lemon,lemon,http://id.loc.gov/vocabulary/iso639-2/deu
http://lemon-model.net/lemon,lemon,http://id.loc.gov/vocabulary/iso639-2/eng
http://lemon-model.net/lemon,lemon,http://id.loc.gov/vocabulary/iso639-2/fra
http://lemon-model.net/lemon,lemon,http://id.loc.gov/vocabulary/iso639-2/nld
http://lemon-model.net/lemon,lemon,http://id.loc.gov/vocabulary/iso639-2/spa
http://lexvo.org/ontology,lvont,http://id.loc.gov/vocabulary/iso639-2/eng
http://linkeddata.center/kees/v1,kees,http://id.loc.gov/vocabulary/iso639-2/eng
http://linkedgeodata.org/ontology,lgdo,http://id.loc.gov/vocabulary/iso639-2/ben
http://linkedgeodata.org/ontology,lgdo,http://id.loc.gov/vocabulary/iso639-2/ara
http://linkedgeodata.org/ontology,lgdo,http://id.loc.gov/vocabulary/iso639-2/bel
http://linkedgeodata.org/ontology,lgdo,http://id.loc.gov/vocabulary/iso639-2/cat
http://linkedgeodata.org/ontology,lgdo,http://id.loc.gov/vocabulary/iso639-2/ces
http://linkedgeodata.org/ontology,lgdo,http://id.loc.gov/vocabulary/iso639-2/dan
http://linkedgeodata.org/ontology,lgdo,http://id.loc.gov/vocabulary/iso639-2/deu
http://linkedgeodata.org/ontology,lgdo,http://id.loc.gov/vocabulary/iso639-2/ell
http://linkedgeodata.org/ontology,lgdo,http://id.loc.gov/vocabulary/iso639-2/eng
http://linkedgeodata.org/ontology,lgdo,http://id.loc.gov/vocabulary/iso639-2/est
http://linkedgeodata.org/ontology,lgdo,http://id.loc.gov/vocabulary/iso639-2/eus
http://linkedgeodata.org/ontology,lgdo,http://id.loc.gov/vocabulary/iso639-2/fin
http://linkedgeodata.org/ontology,lgdo,http://id.loc.gov/vocabulary/iso639-2/fra
http://linkedgeodata.org/ontology,lgdo,http://id.loc.gov/vocabulary/iso639-2/glg
http://linkedgeodata.org/ontology,lgdo,http://id.loc.gov/vocabulary/iso639-2/heb
http://linkedgeodata.org/ontology,lgdo,http://id.loc.gov/vocabulary/iso639-2/hrv
http://linkedgeodata.org/ontology,lgdo,http://id.loc.gov/vocabulary/iso639-2/hun
http://linkedgeodata.org/ontology,lgdo,http://id.loc.gov/vocabulary/iso639-2/isl
http://linkedgeodata.org/ontology,lgdo,http://id.loc.gov/vocabulary/iso639-2/ita
http://linkedgeodata.org/ontology,lgdo,http://id.loc.gov/vocabulary/iso639-2/jpn
http://linkedgeodata.org/ontology,lgdo,http://id.loc.gov/vocabulary/iso639-2/kat
http://linkedgeodata.org/ontology,lgdo,http://id.loc.gov/vocabulary/iso639-2/kor
http://linkedgeodata.org/ontology,lgdo,http://id.loc.gov/vocabulary/iso639-2/lav
http://linkedgeodata.org/ontology,lgdo,http://id.loc.gov/vocabulary/iso639-2/lit
http://linkedgeodata.org/ontology,lgdo,http://id.loc.gov/vocabulary/iso639-2/mkd
http://linkedgeodata.org/ontology,lgdo,http://id.loc.gov/vocabulary/iso639-2/msa
http://linkedgeodata.org/ontology,lgdo,http://id.loc.gov/vocabulary/iso639-2/nld
http://linkedgeodata.org/ontology,lgdo,http://id.loc.gov/vocabulary/iso639-2/nor
http://linkedgeodata.org/ontology,lgdo,http://id.loc.gov/vocabulary/iso639-2/pol
http://linkedgeodata.org/ontology,lgdo,http://id.loc.gov/vocabulary/iso639-2/por
http://linkedgeodata.org/ontology,lgdo,http://id.loc.gov/vocabulary/iso639-2/rus
http://linkedgeodata.org/ontology,lgdo,http://id.loc.gov/vocabulary/iso639-2/slk
http://linkedgeodata.org/ontology,lgdo,http://id.loc.gov/vocabulary/iso639-2/slv
http://linkedgeodata.org/ontology,lgdo,http://id.loc.gov/vocabulary/iso639-2/spa
http://linkedgeodata.org/ontology,lgdo,http://id.loc.gov/vocabulary/iso639-2/sqi
http://linkedgeodata.org/ontology,lgdo,http://id.loc.gov/vocabulary/iso639-2/srp
http://linkedgeodata.org/ontology,lgdo,http://id.loc.gov/vocabulary/iso639-2/swe
http://linkedgeodata.org/ontology,lgdo,http://id.loc.gov/vocabulary/iso639-2/tur
http://linkedgeodata.org/ontology,lgdo,http://id.loc.gov/vocabulary/iso639-2/ukr
http://linkedgeodata.org/ontology,lgdo,http://id.loc.gov/vocabulary/iso639-2/vie
http://linkedgeodata.org/ontology,lgdo,http://id.loc.gov/vocabulary/iso639-2/zho
http://lod.geodan.nl/vocab/bag,bag,http://id.loc.gov/vocabulary/iso639-2/eng
http://lod.geodan.nl/vocab/bag,bag,http://id.loc.gov/vocabulary/iso639-2/nld
http://lod.taxonconcept.org/ontology/sci_people.owl,scip,http://id.loc.gov/vocabulary/iso639-2/eng
http://lod.taxonconcept.org/ontology/txn.owl,txn,http://id.loc.gov/vocabulary/iso639-2/eng
http://mex.aksw.org/mex-core,mexcore,http://id.loc.gov/vocabulary/iso639-2/eng
http://mex.aksw.org/mex-core,mexcore,http://id.loc.gov/vocabulary/iso639-2/por
http://mex.aksw.org/mex-perf,mexperf,http://id.loc.gov/vocabulary/iso639-2/eng
http://mex.aksw.org/mex-perf,mexperf,http://id.loc.gov/vocabulary/iso639-2/por
http://ns.inria.fr/emoca,emotion,http://id.loc.gov/vocabulary/iso639-2/eng
http://ns.inria.fr/ludo/v1/xapi,ludo-xapi,http://id.loc.gov/vocabulary/iso639-2/eng
http://ns.inria.fr/nicetag/2010/09/09/voc,ntag,http://id.loc.gov/vocabulary/iso639-2/eng
http://ns.inria.fr/nicetag/2010/09/09/voc,ntag,http://id.loc.gov/vocabulary/iso639-2/fra
http://ns.inria.fr/nicetag/2010/09/09/voc,ntag,http://id.loc.gov/vocabulary/iso639-2/ita
http://ns.inria.fr/nicetag/2010/09/09/voc,ntag,http://id.loc.gov/vocabulary/iso639-2/nld
http://ns.inria.fr/nicetag/2010/09/09/voc,ntag,http://id.loc.gov/vocabulary/iso639-2/spa
http://ns.inria.fr/provoc,provoc,http://id.loc.gov/vocabulary/iso639-2/eng
http://ns.inria.fr/provoc,provoc,http://id.loc.gov/vocabulary/iso639-2/fra
http://ns.inria.fr/s4ac/v2,s4ac,http://id.loc.gov/vocabulary/iso639-2/eng
http://ns.nature.com/terms/,npg,http://id.loc.gov/vocabulary/iso639-2/eng
http://ontology.cybershare.utep.edu/ELSEWeb/elseweb-data.owl,lsweb,http://id.loc.gov/vocabulary/iso639-2/eng
http://ontology.cybershare.utep.edu/ELSEWeb/elseweb-edac.owl,edac,http://id.loc.gov/vocabulary/iso639-2/eng
http://ontology.cybershare.utep.edu/ELSEWeb/elseweb-lifemapper-parameters.owl,lswpm,http://id.loc.gov/vocabulary/iso639-2/eng
http://ontology.cybershare.utep.edu/ELSEWeb/elseweb-lifemapper.owl,lslife,http://id.loc.gov/vocabulary/iso639-2/eng
http://ontology.cybershare.utep.edu/ELSEWeb/mappings/elseweb-mappings.owl,lsmap,http://id.loc.gov/vocabulary/iso639-2/eng
http://ontology.cybershare.utep.edu/dbowl,dbowl,http://id.loc.gov/vocabulary/iso639-2/eng
http://ontology.eil.utoronto.ca/icontact.owl,ic,http://id.loc.gov/vocabulary/iso639-2/eng
http://ontology.it/itsmo/v1,itsmo,http://id.loc.gov/vocabulary/iso639-2/eng
http://ontology.it/itsmo/v1,itsmo,http://id.loc.gov/vocabulary/iso639-2/ita
http://open-multinet.info/ontology/omn,omn,http://id.loc.gov/vocabulary/iso639-2/eng
http://open-multinet.info/ontology/omn-lifecycle,omnlc,http://id.loc.gov/vocabulary/iso639-2/eng
http://openprovenance.org/model/opmo,opmo,http://id.loc.gov/vocabulary/iso639-2/eng
http://purl.oclc.org/NET/mvco.owl,mvco,http://id.loc.gov/vocabulary/iso639-2/eng
http://purl.org/linked-data/api/vocab#,api,http://id.loc.gov/vocabulary/iso639-2/eng
http://purl.org/net/provenance/ns#,prv,http://id.loc.gov/vocabulary/iso639-2/eng
http://purl.org/net/provenance/types#,prvt,http://id.loc.gov/vocabulary/iso639-2/eng
http://purl.org/stuff/rev#,rev,http://id.loc.gov/vocabulary/iso639-2/eng
http://purl.uniprot.org/core/,uniprot,http://id.loc.gov/vocabulary/iso639-2/eng
http://rdaregistry.info/Elements/a,rdaa,http://id.loc.gov/vocabulary/iso639-2/eng
http://rdaregistry.info/Elements/c,rdac,http://id.loc.gov/vocabulary/iso639-2/eng
http://rdaregistry.info/Elements/e,rdae,http://id.loc.gov/vocabulary/iso639-2/eng
http://rdaregistry.info/Elements/i,rdai,http://id.loc.gov/vocabulary/iso639-2/eng
http://rdaregistry.info/Elements/m,rdam,http://id.loc.gov/vocabulary/iso639-2/eng
http://rdaregistry.info/Elements/w,rdaw,http://id.loc.gov/vocabulary/iso639-2/eng
http://rdf-vocabulary.ddialliance.org/discovery,disco,http://id.loc.gov/vocabulary/iso639-2/deu
http://rdf-vocabulary.ddialliance.org/discovery,disco,http://id.loc.gov/vocabulary/iso639-2/eng
http://rdf-vocabulary.ddialliance.org/discovery,disco,http://id.loc.gov/vocabulary/iso639-2/fra
http://rdf-vocabulary.ddialliance.org/xkos,xkos,http://id.loc.gov/vocabulary/iso639-2/eng
http://rdf-vocabulary.ddialliance.org/xkos,xkos,http://id.loc.gov/vocabulary/iso639-2/fra
http://rdf.geospecies.org/methods/observationMethod.rdf,obsm,http://id.loc.gov/vocabulary/iso639-2/eng
http://rdf.insee.fr/def/geo,igeo,http://id.loc.gov/vocabulary/iso639-2/eng
http://rdf.insee.fr/def/geo,igeo,http://id.loc.gov/vocabulary/iso639-2/fra
http://rdf.muninn-project.org/ontologies/appearances,aos,http://id.loc.gov/vocabulary/iso639-2/eng
http://rdf.muninn-project.org/ontologies/appearances,aos,http://id.loc.gov/vocabulary/iso639-2/fra
http://rdf.muninn-project.org/ontologies/military,mil,http://id.loc.gov/vocabulary/iso639-2/cat
http://rdf.muninn-project.org/ontologies/military,mil,http://id.loc.gov/vocabulary/iso639-2/ces
http://rdf.muninn-project.org/ontologies/military,mil,http://id.loc.gov/vocabulary/iso639-2/deu
http://rdf.muninn-project.org/ontologies/military,mil,http://id.loc.gov/vocabulary/iso639-2/eng
http://rdf.muninn-project.org/ontologies/military,mil,http://id.loc.gov/vocabulary/iso639-2/fin
http://rdf.muninn-project.org/ontologies/military,mil,http://id.loc.gov/vocabulary/iso639-2/fra
http://rdf.muninn-project.org/ontologies/military,mil,http://id.loc.gov/vocabulary/iso639-2/hin
http://rdf.muninn-project.org/ontologies/military,mil,http://id.loc.gov/vocabulary/iso639-2/hun
http://rdf.muninn-project.org/ontologies/military,mil,http://id.loc.gov/vocabulary/iso639-2/ita
http://rdf.muninn-project.org/ontologies/military,mil,http://id.loc.gov/vocabulary/iso639-2/lat
http://rdf.muninn-project.org/ontologies/military,mil,http://id.loc.gov/vocabulary/iso639-2/nld
http://rdf.muninn-project.org/ontologies/military,mil,http://id.loc.gov/vocabulary/iso639-2/nor
http://rdf.muninn-project.org/ontologies/military,mil,http://id.loc.gov/vocabulary/iso639-2/pol
http://rdf.muninn-project.org/ontologies/military,mil,http://id.loc.gov/vocabulary/iso639-2/por
http://rdf.muninn-project.org/ontologies/military,mil,http://id.loc.gov/vocabulary/iso639-2/rus
http://rdf.muninn-project.org/ontologies/military,mil,http://id.loc.gov/vocabulary/iso639-2/spa
http://rdf.muninn-project.org/ontologies/military,mil,http://id.loc.gov/vocabulary/iso639-2/swe
http://rdf.muninn-project.org/ontologies/military,mil,http://id.loc.gov/vocabulary/iso639-2/vie
http://rdf.myexperiment.org/ontologies/snarm/,snarm,http://id.loc.gov/vocabulary/iso639-2/eng
http://rdfs.co/bevon/,bevon,http://id.loc.gov/vocabulary/iso639-2/ces
http://rdfs.co/bevon/,bevon,http://id.loc.gov/vocabulary/iso639-2/eng
http://rdfs.co/bevon/,bevon,http://id.loc.gov/vocabulary/iso639-2/fra
http://rdfs.co/bevon/,bevon,http://id.loc.gov/vocabulary/iso639-2/gle
http://rdfs.co/bevon/,bevon,http://id.loc.gov/vocabulary/iso639-2/kor
http://rdfs.co/bevon/,bevon,http://id.loc.gov/vocabulary/iso639-2/pol
http://rdfs.co/bevon/,bevon,http://id.loc.gov/vocabulary/iso639-2/rus
http://rdfs.co/bevon/,bevon,http://id.loc.gov/vocabulary/iso639-2/spa
http://rdfs.co/juso/,juso,http://id.loc.gov/vocabulary/iso639-2/eng
http://rdfs.co/juso/,juso,http://id.loc.gov/vocabulary/iso639-2/jpn
http://rdfs.co/juso/,juso,http://id.loc.gov/vocabulary/iso639-2/kor
http://rdfs.org/sioc/ns#,sioc,http://id.loc.gov/vocabulary/iso639-2/eng
http://rdfs.org/sioc/types#,tsioc,http://id.loc.gov/vocabulary/iso639-2/eng
http://rdvocab.info/Elements,rdag1,http://id.loc.gov/vocabulary/iso639-2/eng
http://rdvocab.info/ElementsGr2,rdag2,http://id.loc.gov/vocabulary/iso639-2/eng
http://rdvocab.info/ElementsGr3,rdag3,http://id.loc.gov/vocabulary/iso639-2/eng
http://rdvocab.info/roles,rdarole,http://id.loc.gov/vocabulary/iso639-2/deu
http://rdvocab.info/roles,rdarole,http://id.loc.gov/vocabulary/iso639-2/eng
http://rdvocab.info/uri/schema/FRBRentitiesRDA,rdafrbr,http://id.loc.gov/vocabulary/iso639-2/eng
http://reference.data.gov.uk/def/central-government,cgov,http://id.loc.gov/vocabulary/iso639-2/eng
http://reference.data.gov.uk/def/intervals,interval,http://id.loc.gov/vocabulary/iso639-2/eng
http://reference.data.gov.uk/def/organogram,odv,http://id.loc.gov/vocabulary/iso639-2/eng
http://resource.geosciml.org/ontology/timescale/gts,gts,http://id.loc.gov/vocabulary/iso639-2/eng
http://resource.geosciml.org/ontology/timescale/thors,thors,http://id.loc.gov/vocabulary/iso639-2/eng
http://rhizomik.net/ontologies/copyrightonto.owl,cro,http://id.loc.gov/vocabulary/iso639-2/eng
http://schema.theodi.org/odrs,odrs,http://id.loc.gov/vocabulary/iso639-2/eng
http://securitytoolbox.appspot.com/stac,stac,http://id.loc.gov/vocabulary/iso639-2/eng
http://semanticscience.org/ontology/sio.owl,sio,http://id.loc.gov/vocabulary/iso639-2/eng
http://semweb.mmlab.be/ns/apps4X,apps4X,http://id.loc.gov/vocabulary/iso639-2/eng
http://semweb.mmlab.be/ns/oh,oh,http://id.loc.gov/vocabulary/iso639-2/eng
http://usefulinc.com/ns/doap#,doap,http://id.loc.gov/vocabulary/iso639-2/ces
http://usefulinc.com/ns/doap#,doap,http://id.loc.gov/vocabulary/iso639-2/deu
http://usefulinc.com/ns/doap#,doap,http://id.loc.gov/vocabulary/iso639-2/eng
http://usefulinc.com/ns/doap#,doap,http://id.loc.gov/vocabulary/iso639-2/fra
http://usefulinc.com/ns/doap#,doap,http://id.loc.gov/vocabulary/iso639-2/jpn
http://usefulinc.com/ns/doap#,doap,http://id.loc.gov/vocabulary/iso639-2/spa
http://vivoweb.org/ontology/core,vivo,http://id.loc.gov/vocabulary/iso639-2/ara
http://vivoweb.org/ontology/core,vivo,http://id.loc.gov/vocabulary/iso639-2/eng
http://vivoweb.org/ontology/core,vivo,http://id.loc.gov/vocabulary/iso639-2/fra
http://vivoweb.org/ontology/core,vivo,http://id.loc.gov/vocabulary/iso639-2/spa
http://vivoweb.org/ontology/core,vivo,http://id.loc.gov/vocabulary/iso639-2/zho
http://vocab.org/transit/terms/,transit,http://id.loc.gov/vocabulary/iso639-2/eng
http://vocab.org/whisky/terms,whisky,http://id.loc.gov/vocabulary/iso639-2/eng
http://w3id.org/charta77/jup,jup,http://id.loc.gov/vocabulary/iso639-2/ces
http://w3id.org/charta77/jup,jup,http://id.loc.gov/vocabulary/iso639-2/eng
http://www.aktors.org/ontology/portal,akt,http://id.loc.gov/vocabulary/iso639-2/eng
http://www.aktors.org/ontology/support,akts,http://id.loc.gov/vocabulary/iso639-2/eng
http://www.bbc.co.uk/ontologies/bbc,bbc,http://id.loc.gov/vocabulary/iso639-2/eng
http://www.bbc.co.uk/ontologies/cms,bbccms,http://id.loc.gov/vocabulary/iso639-2/eng
http://www.bbc.co.uk/ontologies/coreconcepts,bbccore,http://id.loc.gov/vocabulary/iso639-2/eng
http://www.bbc.co.uk/ontologies/creativework,cwork,http://id.loc.gov/vocabulary/iso639-2/eng
http://www.bbc.co.uk/ontologies/provenance,bbcprov,http://id.loc.gov/vocabulary/iso639-2/eng
http://www.bbc.co.uk/ontologies/sport,sport,http://id.loc.gov/vocabulary/iso639-2/eng
http://www.demcare.eu/ontologies/contextdescriptor.owl,ctxdesc,http://id.loc.gov/vocabulary/iso639-2/eng
http://www.disit.org/km4city/schema,km4c,http://id.loc.gov/vocabulary/iso639-2/eng
http://www.disit.org/km4city/schema,km4c,http://id.loc.gov/vocabulary/iso639-2/ita
http://www.essepuntato.it/2008/12/pattern,pattern,http://id.loc.gov/vocabulary/iso639-2/eng
http://www.essepuntato.it/2012/04/tvc,tvc,http://id.loc.gov/vocabulary/iso639-2/eng
http://www.essepuntato.it/2013/10/vagueness,vag,http://id.loc.gov/vocabulary/iso639-2/eng
http://www.europeana.eu/schemas/edm/,edm,http://id.loc.gov/vocabulary/iso639-2/eng
http://www.gsi.dit.upm.es/ontologies/onyx/ns,onyx,http://id.loc.gov/vocabulary/iso639-2/eng
http://www.holygoat.co.uk/owl/redwood/0.1/tags/,tag,http://id.loc.gov/vocabulary/iso639-2/eng
http://www.ics.forth.gr/isl/MarineTLO/v4/marinetlo.owl,mtlo,http://id.loc.gov/vocabulary/iso639-2/eng
http://www.ics.forth.gr/isl/VoIDWarehouse/VoID_Extension_Schema.owl,voidwh,http://id.loc.gov/vocabulary/iso639-2/eng
http://www.ics.forth.gr/isl/oncm/core,onc,http://id.loc.gov/vocabulary/iso639-2/eng
http://www.kanzaki.com/ns/music,music,http://id.loc.gov/vocabulary/iso639-2/jpn
http://www.lingvoj.org/olca,olca,http://id.loc.gov/vocabulary/iso639-2/eng
http://www.lingvoj.org/semio.rdf,semio,http://id.loc.gov/vocabulary/iso639-2/eng
http://www.linkedmodel.org/schema/vaem,vaem,http://id.loc.gov/vocabulary/iso639-2/eng
http://www.ontologydesignpatterns.org/cp/owl/informationrealization.owl,infor,http://id.loc.gov/vocabulary/iso639-2/eng
http://www.ontologydesignpatterns.org/cp/owl/participation.owl,odpart,http://id.loc.gov/vocabulary/iso639-2/eng
http://www.ontologydesignpatterns.org/cp/owl/sequence.owl,seq,http://id.loc.gov/vocabulary/iso639-2/eng
http://www.ontologydesignpatterns.org/cp/owl/sequence.owl,seq,http://id.loc.gov/vocabulary/iso639-2/ita
http://www.ontologydesignpatterns.org/cp/owl/situation.owl,situ,http://id.loc.gov/vocabulary/iso639-2/eng
http://www.ontologydesignpatterns.org/cp/owl/timeindexedsituation.owl,tis,http://id.loc.gov/vocabulary/iso639-2/eng
http://www.ontologydesignpatterns.org/cp/owl/timeinterval.owl,ti,http://id.loc.gov/vocabulary/iso639-2/eng
http://www.ontologydesignpatterns.org/cp/owl/timeinterval.owl,ti,http://id.loc.gov/vocabulary/iso639-2/ita
http://www.ontologydesignpatterns.org/ont/dul/DUL.owl,dul,http://id.loc.gov/vocabulary/iso639-2/eng
http://www.ontologydesignpatterns.org/ont/dul/DUL.owl,dul,http://id.loc.gov/vocabulary/iso639-2/ita
http://www.ontologydesignpatterns.org/ont/dul/IOLite.owl,iol,http://id.loc.gov/vocabulary/iso639-2/eng
http://www.ontologydesignpatterns.org/ont/dul/IOLite.owl,iol,http://id.loc.gov/vocabulary/iso639-2/ita
http://www.ontologydesignpatterns.org/ont/dul/ontopic.owl,ontopic,http://id.loc.gov/vocabulary/iso639-2/eng
http://www.ontologydesignpatterns.org/ont/dul/ontopic.owl,ontopic,http://id.loc.gov/vocabulary/iso639-2/ita
http://www.ontologydesignpatterns.org/ont/lmm/LMM_L1.owl,lmm1,http://id.loc.gov/vocabulary/iso639-2/eng
http://www.ontologydesignpatterns.org/ont/lmm/LMM_L1.owl,lmm1,http://id.loc.gov/vocabulary/iso639-2/ita
http://www.ontologydesignpatterns.org/ont/lmm/LMM_L2.owl,lmm2,http://id.loc.gov/vocabulary/iso639-2/eng
http://www.ontotext.com/proton/protonext,pext,http://id.loc.gov/vocabulary/iso639-2/eng
http://www.ontotext.com/proton/protontop,ptop,http://id.loc.gov/vocabulary/iso639-2/eng
http://www.opengis.net/ont/gml,gml,http://id.loc.gov/vocabulary/iso639-2/eng
http://www.opengis.net/ont/sf,sf,http://id.loc.gov/vocabulary/iso639-2/eng
http://www.telegraphis.net/ontology/measurement/measurement#,msr,http://id.loc.gov/vocabulary/iso639-2/eng
http://www.w3.org/ns/org#,org,http://id.loc.gov/vocabulary/iso639-2/eng
http://www.w3.org/ns/org#,org,http://id.loc.gov/vocabulary/iso639-2/fra
http://www.w3.org/ns/org#,org,http://id.loc.gov/vocabulary/iso639-2/ita
http://www.w3.org/ns/org#,org,http://id.loc.gov/vocabulary/iso639-2/jpn
http://www.w3.org/ns/org#,org,http://id.loc.gov/vocabulary/iso639-2/spa
http://www.w3.org/ns/prov#,prov,http://id.loc.gov/vocabulary/iso639-2/eng
https://w3id.org/dio,dio,http://id.loc.gov/vocabulary/iso639-2/eng
https://w3id.org/saref,saref,http://id.loc.gov/vocabulary/iso639-2/eng
https://www.auto.tuwien.ac.at/downloads/thinkhome/ontology/WeatherOntology.owl,hw,http://id.loc.gov/vocabulary/iso639-2/eng
