o,uri,ns
SAN,http://www.irit.fr/recherches/MELODI/ontologies/SAN,http://www.irit.fr/recherches/MELODI/ontologies/SAN#
acco,http://purl.org/acco/ns,http://purl.org/acco/ns#
acl,http://www.w3.org/ns/auth/acl,http://www.w3.org/ns/auth/acl#
acm,http://www.rkbexplorer.com/ontologies/acm,http://acm.rkbexplorer.com/ontologies/acm#
acrt,http://privatealpha.com/ontology/certification/1#,http://privatealpha.com/ontology/certification/1#
adms,http://www.w3.org/ns/adms,http://www.w3.org/ns/adms#
af,http://purl.org/ontology/af/,http://purl.org/ontology/af/
agls,http://www.agls.gov.au/agls/terms,http://www.agls.gov.au/agls/terms/
agrelon,http://d-nb.info/standards/elementset/agrelon.owl#,http://d-nb.info/standards/elementset/agrelon.owl#
aiiso,http://purl.org/vocab/aiiso/schema,http://purl.org/vocab/aiiso/schema#
airs,https://raw.githubusercontent.com/airs-linked-data/lov/latest/src/airs_vocabulary.ttl#,https://raw.githubusercontent.com/airs-linked-data/lov/latest/src/airs_vocabulary.ttl#
akt,http://www.aktors.org/ontology/portal,http://www.aktors.org/ontology/portal#
akts,http://www.aktors.org/ontology/support,http://www.aktors.org/ontology/support#
algo,http://securitytoolbox.appspot.com/securityAlgorithms#,http://securitytoolbox.appspot.com/securityAlgorithms#
am,http://open-services.net/ns/asset#,http://open-services.net/ns/asset#
ao,http://purl.org/ontology/ao/core#,http://purl.org/ontology/ao/core#
aos,http://rdf.muninn-project.org/ontologies/appearances,http://rdf.muninn-project.org/ontologies/appearances#
api,http://purl.org/linked-data/api/vocab#,http://purl.org/linked-data/api/vocab#
apps4X,http://semweb.mmlab.be/ns/apps4X,http://semweb.mmlab.be/ns/apps4X#
arch,http://purl.org/archival/vocab/arch,http://purl.org/archival/vocab/arch#
awol,http://bblfish.net/work/atom-owl/2006-06-06/,http://bblfish.net/work/atom-owl/2006-06-06/#
aws,http://purl.oclc.org/NET/ssnx/meteo/aws,http://purl.oclc.org/NET/ssnx/meteo/aws#
bag,http://lod.geodan.nl/vocab/bag,http://lod.geodan.nl/vocab/bag#
basic,http://def.seegrid.csiro.au/isotc211/iso19103/2005/basic,http://def.seegrid.csiro.au/isotc211/iso19103/2005/basic#
bbc,http://www.bbc.co.uk/ontologies/bbc,http://www.bbc.co.uk/ontologies/bbc/
bbccms,http://www.bbc.co.uk/ontologies/cms,http://www.bbc.co.uk/ontologies/cms/
bbccore,http://www.bbc.co.uk/ontologies/coreconcepts,http://www.bbc.co.uk/ontologies/coreconcepts/
bbcprov,http://www.bbc.co.uk/ontologies/provenance,http://www.bbc.co.uk/ontologies/provenance/
being,http://contextus.net/ontology/ontomedia/ext/common/being#,http://contextus.net/ontology/ontomedia/ext/common/being#
bevon,http://rdfs.co/bevon/,http://rdfs.co/bevon/
bf,http://bibframe.org/vocab,http://bibframe.org/vocab/
bibo,http://purl.org/ontology/bibo/,http://purl.org/ontology/bibo/
bibtex,http://purl.org/net/nknouf/ns/bibtex,http://purl.org/net/nknouf/ns/bibtex#
bio,http://purl.org/vocab/bio/0.1/,http://purl.org/vocab/bio/0.1/
biol,http://purl.org/NET/biol/ns#,http://purl.org/NET/biol/ns#
biopax,http://www.biopax.org/release/biopax-level3.owl,http://www.biopax.org/release/biopax-level3.owl#
biotop,http://purl.org/biotop/biotop.owl,http://purl.org/biotop/biotop.owl#
biro,http://purl.org/spar/biro,http://purl.org/spar/biro/
blt,http://www.bl.uk/schemas/bibliographic/blterms,http://www.bl.uk/schemas/bibliographic/blterms#
botany,http://purl.org/NET/biol/botany#,http://purl.org/NET/biol/botany#
br,http://vocab.deri.ie/br,http://vocab.deri.ie/br#
c4n,http://vocab.deri.ie/c4n,http://vocab.deri.ie/c4n#
c4o,http://purl.org/spar/c4o,http://purl.org/spar/c4o/
cal,http://www.w3.org/2002/12/cal/ical,http://www.w3.org/2002/12/cal/ical#
cart,http://purl.org/net/cartCoord#,http://purl.org/net/cartCoord#
cbo,http://comicmeta.org/cbo/,http://comicmeta.org/cbo/
cc,http://creativecommons.org/ns,http://creativecommons.org/ns#
cco,http://purl.org/ontology/cco/core#,http://purl.org/ontology/cco/core#
cdm,http://purl.org/twc/ontology/cdm.owl#,http://purl.org/twc/ontology/cdm.owl#
cdtype,http://purl.org/cld/cdtype/,http://purl.org/cld/cdtype/
ceo,http://www.ebusiness-unibw.org/ontologies/consumerelectronics/v1,http://www.ebusiness-unibw.org/ontologies/consumerelectronics/v1#
cerif,http://www.eurocris.org/ontologies/cerif/1.3,http://www.eurocris.org/ontologies/cerif/1.3#
cert,http://www.w3.org/ns/auth/cert#,http://www.w3.org/ns/auth/cert#
cff,http://purl.oclc.org/NET/ssnx/cf/cf-feature,http://purl.oclc.org/NET/ssnx/cf/cf-feature#
cfp,http://purl.oclc.org/NET/ssnx/cf/cf-property,http://purl.oclc.org/NET/ssnx/cf/cf-property#
cgov,http://reference.data.gov.uk/def/central-government,http://reference.data.gov.uk/def/central-government/
chord,http://purl.org/ontology/chord/,http://purl.org/ontology/chord/
cito,http://purl.org/spar/cito/,http://purl.org/spar/cito/
citof,http://www.essepuntato.it/2013/03/cito-functions,http://www.essepuntato.it/2013/03/cito-functions/
cl,http://advene.org/ns/cinelab/ld,http://advene.org/ns/cinelab/ld#
cld,http://purl.org/cld/terms/,http://purl.org/cld/terms/
cmo,http://purl.org/twc/ontologies/cmo.owl,http://purl.org/twc/ontologies/cmo.owl#
cnt,http://www.w3.org/2011/content,http://www.w3.org/2011/content#
co,http://purl.org/ontology/co/core#,http://purl.org/ontology/co/core#
cogs,http://vocab.deri.ie/cogs,http://vocab.deri.ie/cogs#
cold,http://purl.org/configurationontology,http://purl.org/configurationontology#
coll,http://purl.org/co,http://purl.org/co/
comm,http://vocab.resc.info/communication,http://vocab.resc.info/communication#
con,http://www.w3.org/2000/10/swap/pim/contact,http://www.w3.org/2000/10/swap/pim/contact#
conversion,http://purl.org/twc/vocab/conversion/,http://purl.org/twc/vocab/conversion/
coo,http://purl.org/coo/ns#,http://purl.org/coo/ns#
coun,http://www.daml.org/2001/09/countries/iso-3166-ont,http://www.daml.org/2001/09/countries/iso-3166-ont#
cpa,http://www.ontologydesignpatterns.org/schemas/cpannotationschema.owl,http://www.ontologydesignpatterns.org/schemas/cpannotationschema.owl#
crm,http://www.cidoc-crm.org/cidoc-crm/,http://www.cidoc-crm.org/cidoc-crm/
cro,http://rhizomik.net/ontologies/copyrightonto.owl,http://rhizomik.net/ontologies/copyrightonto.owl#
crsw,http://courseware.rkbexplorer.com/ontologies/courseware,http://courseware.rkbexplorer.com/ontologies/courseware#
cs,http://purl.org/vocab/changeset/schema,http://purl.org/vocab/changeset/schema#
csp,http://vocab.deri.ie/csp,http://vocab.deri.ie/csp#
csvw,http://www.w3.org/ns/csvw#,http://www.w3.org/ns/csvw#
ct,http://www.tele.pw.edu.pl/~sims-onto/ConnectivityType.owl,http://www.tele.pw.edu.pl/~sims-onto/ConnectivityType.owl#
ctag,http://commontag.org/ns#,http://commontag.org/ns#
ctorg,http://purl.org/ctic/infraestructuras/organizacion,http://purl.org/ctic/infraestructuras/organizacion#
ctxdesc,http://www.demcare.eu/ontologies/contextdescriptor.owl,http://www.demcare.eu/ontologies/contextdescriptor.owl#
cwork,http://www.bbc.co.uk/ontologies/creativework,http://www.bbc.co.uk/ontologies/creativework/
d2rq,http://www.wiwiss.fu-berlin.de/suhl/bizer/D2RQ/0.1,http://www.wiwiss.fu-berlin.de/suhl/bizer/D2RQ/0.1#
dady,http://vocab.deri.ie/dady,http://purl.org/NET/dady#
daia,http://purl.org/ontology/daia,http://purl.org/ontology/daia/
daq,http://purl.org/eis/vocab/daq#,http://purl.org/eis/vocab/daq#
date,http://contextus.net/ontology/ontomedia/misc/date#,http://contextus.net/ontology/ontomedia/misc/date#
datex,http://vocab.datex.org/terms#,http://vocab.datex.org/terms#
dbowl,http://ontology.cybershare.utep.edu/dbowl,http://ontology.cybershare.utep.edu/dbowl/relational-to-ontology-mapping-primitive.owl#
dbpedia-owl,http://dbpedia.org/ontology/,http://dbpedia.org/ontology/
dbug,http://ontologi.es/doap-bugs#,http://ontologi.es/doap-bugs#
dcam,http://purl.org/dc/dcam/,http://purl.org/dc/dcam/
dcat,http://www.w3.org/ns/dcat,http://www.w3.org/ns/dcat#
dce,http://purl.org/dc/elements/1.1/,http://purl.org/dc/elements/1.1/
dcite,http://purl.org/spar/datacite,http://purl.org/spar/datacite/
dcndl,http://ndl.go.jp/dcndl/terms/,http://ndl.go.jp/dcndl/terms/
dcterms,http://purl.org/dc/terms/,http://purl.org/dc/terms/
dctype,http://purl.org/dc/dcmitype/,http://purl.org/dc/dcmitype/
decision,https://decision-ontology.googlecode.com/svn/trunk/decision.owl,https://decision-ontology.googlecode.com/svn/trunk/decision.owl#
demlab,http://www.demcare.eu/ontologies/demlab.owl,http://www.demcare.eu/ontologies/demlab.owl#
deo,http://purl.org/spar/deo,http://purl.org/spar/deo/
deps,http://ontologi.es/doap-deps#,http://ontologi.es/doap-deps#
dicom,http://purl.org/healthcarevocab/v1,http://purl.org/healthcarevocab/v1#
dio,https://w3id.org/dio,https://w3id.org/dio#
disco,http://rdf-vocabulary.ddialliance.org/discovery,http://rdf-vocabulary.ddialliance.org/discovery#
dita,http://purl.org/dita/ns#,http://purl.org/dita/ns#
dm2e,http://onto.dm2e.eu/schemas/dm2e,http://onto.dm2e.eu/schemas/dm2e/
doap,http://usefulinc.com/ns/doap#,http://usefulinc.com/ns/doap#
doc,http://www.w3.org/2000/10/swap/pim/doc,http://www.w3.org/2000/10/swap/pim/doc#
doco,http://purl.org/spar/doco,http://purl.org/spar/doco/
docso,http://purl.org/ontology/dso,http://purl.org/ontology/dso#
dogont,http://elite.polito.it/ontologies/dogont.owl,http://elite.polito.it/ontologies/dogont
dpn,http://purl.org/dpn,http://purl.org/dpn#
dq,http://def.seegrid.csiro.au/isotc211/iso19115/2003/dataquality,http://def.seegrid.csiro.au/isotc211/iso19115/2003/dataquality#
dqc,http://semwebquality.org/ontologies/dq-constraints,http://semwebquality.org/ontologies/dq-constraints#
dqm,http://purl.org/dqm-vocabulary/v1/dqm,http://purl.org/dqm-vocabulary/v1/dqm#
dr,http://purl.org/swan/2.0/discourse-relationships/,http://purl.org/swan/2.0/discourse-relationships/
drm,http://vocab.data.gov/def/drm,http://vocab.data.gov/def/drm#
ds,http://purl.org/ctic/dcat#,http://purl.org/ctic/dcat#
dsn,http://purl.org/dsnotify/vocab/eventset/,http://purl.org/dsnotify/vocab/eventset/
dso,http://inference-web.org/2.0/ds.owl,http://inference-web.org/2.0/ds.owl#
dtype,http://www.linkedmodel.org/schema/dtype,http://www.linkedmodel.org/schema/dtype#
dul,http://www.ontologydesignpatterns.org/ont/dul/DUL.owl,http://www.ontologydesignpatterns.org/ont/dul/DUL.owl#
dvia,http://purl.org/ontology/dvia,http://purl.org/ontology/dvia#
eac-cpf,http://archivi.ibc.regione.emilia-romagna.it/ontology/eac-cpf/,http://archivi.ibc.regione.emilia-romagna.it/ontology/eac-cpf/
earl,http://www.w3.org/ns/earl,http://www.w3.org/ns/earl#
earth,http://linked.earth/ontology#,http://linked.earth/ontology#
ebucore,http://www.ebu.ch/metadata/ontologies/ebucore/ebucore,http://www.ebu.ch/metadata/ontologies/ebucore/ebucore#
eccrev,https://vocab.eccenca.com/revision/,https://vocab.eccenca.com/revision/
eclap,http://www.eclap.eu/schema/eclap/,http://www.eclap.eu/schema/eclap/
ecpo,http://purl.org/ontology/ecpo,http://purl.org/ontology/ecpo#
ecrm,http://erlangen-crm.org/current/,http://erlangen-crm.org/current/
edac,http://ontology.cybershare.utep.edu/ELSEWeb/elseweb-edac.owl,http://ontology.cybershare.utep.edu/ELSEWeb/elseweb-edac.owl#
edm,http://www.europeana.eu/schemas/edm/,http://www.europeana.eu/schemas/edm/
eem,http://purl.org/eem,http://purl.org/eem#
elec,http://purl.org/ctic/sector-publico/elecciones,http://purl.org/ctic/sector-publico/elecciones#
emotion,http://ns.inria.fr/emoca,http://ns.inria.fr/emoca#
emp,http://purl.org/ctic/empleo/oferta,http://purl.org/ctic/empleo/oferta#
ends,http://labs.mondeca.com/vocab/endpointStatus,http://labs.mondeca.com/vocab/endpointStatus#
ep,http://eprints.org/ontology/,http://eprints.org/ontology/
essglobal,http://purl.org/essglobal/vocab/,http://purl.org/essglobal/vocab/
event,http://purl.org/NET/c4dm/event.owl,http://purl.org/NET/c4dm/event.owl#
ex,http://purl.org/net/ns/ex,http://purl.org/net/ns/ex#
exif,http://www.w3.org/2003/12/exif/ns,http://www.w3.org/2003/12/exif/ns#
ext,http://def.seegrid.csiro.au/isotc211/iso19115/2003/extent,http://def.seegrid.csiro.au/isotc211/iso19115/2003/extent#
fabio,http://purl.org/spar/fabio/,http://purl.org/spar/fabio/
fea,http://vocab.data.gov/def/fea,http://vocab.data.gov/def/fea#
foaf,http://xmlns.com/foaf/0.1/,http://xmlns.com/foaf/0.1/
food,http://data.lirmm.fr/ontologies/food,http://data.lirmm.fr/ontologies/food#
fowl,http://www.w3.org/TR/2003/PR-owl-guide-20031215/food,http://www.w3.org/TR/2003/PR-owl-guide-20031209/food#
frad,http://iflastandards.info/ns/fr/frad/,http://iflastandards.info/ns/fr/frad/
frapo,http://purl.org/cerif/frapo/,http://purl.org/cerif/frapo/
frappe,http://streamreasoning.org/ontologies/frappe#,http://streamreasoning.org/ontologies/frappe#
frbr,http://purl.org/vocab/frbr/core,http://purl.org/vocab/frbr/core#
frbre,http://purl.org/vocab/frbr/extended,http://purl.org/vocab/frbr/extended#
frbrer,http://iflastandards.info/ns/fr/frbr/frbrer/,http://iflastandards.info/ns/fr/frbr/frbrer/
fresnel,http://www.w3.org/2004/09/fresnel,http://www.w3.org/2004/09/fresnel#
g50k,http://data.ordnancesurvey.co.uk/ontology/50kGazetteer/,http://data.ordnancesurvey.co.uk/ontology/50kGazetteer/
game,http://data.totl.net/game/,http://data.totl.net/game/
gc,http://www.oegov.org/core/owl/gc,http://www.oegov.org/core/owl/gc#
gci,http://ontology.eil.utoronto.ca/GCI/Foundation/GCI-Foundation.owl,http://ontology.eil.utoronto.ca/GCI/Foundation/GCI-Foundation.owl#
gd,http://vocab.data.gov/gd,http://reference.data.gov/def/govdata/
gen,http://purl.org/gen/0.1#,http://purl.org/gen/0.1#
geo,http://www.w3.org/2003/01/geo/wgs84_pos,http://www.w3.org/2003/01/geo/wgs84_pos#
geod,http://vocab.lenka.no/geo-deling,http://vocab.lenka.no/geo-deling#
geof,http://www.mindswap.org/2003/owl/geo/geoFeatures20040307.owl,http://www.mindswap.org/2003/owl/geo/geoFeatures20040307.owl#
geofla,http://data.ign.fr/def/geofla,http://data.ign.fr/def/geofla#
geom,http://data.ign.fr/def/geometrie,http://data.ign.fr/def/geometrie#
geop,http://aims.fao.org/aos/geopolitical.owl,http://aims.fao.org/aos/geopolitical.owl#
geosp,http://rdf.geospecies.org/ont/geospecies,http://rdf.geospecies.org/ont/geospecies#
gf,http://def.seegrid.csiro.au/isotc211/iso19109/2005/feature,http://def.seegrid.csiro.au/isotc211/iso19109/2005/feature#
gm,http://def.seegrid.csiro.au/isotc211/iso19107/2003/geometry,http://def.seegrid.csiro.au/isotc211/iso19107/2003/geometry#
gml,http://www.opengis.net/ont/gml,http://www.opengis.net/ont/gml#
gn,http://www.geonames.org/ontology,http://www.geonames.org/ontology#
gndo,http://d-nb.info/standards/elementset/gnd#,http://d-nb.info/standards/elementset/gnd#
gold,http://purl.org/linguistics/gold,http://purl.org/linguistics/gold/
gov,http://gov.genealogy.net/ontology.owl,http://gov.genealogy.net/ontology.owl#
gr,http://purl.org/goodrelations/v1,http://purl.org/goodrelations/v1#
grddl,http://www.w3.org/2003/g/data-view,http://www.w3.org/2003/g/data-view#
gso,http://www.w3.org/2006/gen/ont,http://www.w3.org/2006/gen/ont#
gsp,http://www.opengis.net/ont/geosparql,http://www.opengis.net/ont/geosparql#
gtfs,http://vocab.gtfs.org/terms#,http://vocab.gtfs.org/terms#
gts,http://resource.geosciml.org/ontology/timescale/gts,http://resource.geosciml.org/ontology/timescale/gts#
gvp,http://vocab.getty.edu/ontology,http://vocab.getty.edu/ontology#
h2o,http://def.seegrid.csiro.au/isotc211/iso19150/-2/2012/basic,http://def.seegrid.csiro.au/isotc211/iso19150/-2/2012/basic#
ha,http://sensormeasurement.appspot.com/ont/home/homeActivity#,http://sensormeasurement.appspot.com/ont/home/homeActivity#
hdo,http://www.samos.gr/ontologies/helpdeskOnto.owl,http://www.samos.gr/ontologies/helpdeskOnto.owl#
holding,http://purl.org/ontology/holding,http://purl.org/ontology/holding#
hr,http://iserve.kmi.open.ac.uk/ns/hrests,http://iserve.kmi.open.ac.uk/ns/hrests#
hto,http://vcharpenay.github.io/hto/hto.xml,http://project-haystack.org/hto#
http,http://www.w3.org/2011/http,http://www.w3.org/2011/http#
hw,https://www.auto.tuwien.ac.at/downloads/thinkhome/ontology/WeatherOntology.owl,https://www.auto.tuwien.ac.at/downloads/thinkhome/ontology/WeatherOntology.owl
hydra,http://www.w3.org/ns/hydra/core,http://www.w3.org/ns/hydra/core#
ic,http://ontology.eil.utoronto.ca/icontact.owl,http://ontology.eil.utoronto.ca/icontact.owl#
idemo,http://rdf.insee.fr/def/demo,http://rdf.insee.fr/def/demo#
identity,http://www.identity.org/ontologies/identity.owl,http://www.identity.org/ontologies/identity.owl#
igeo,http://rdf.insee.fr/def/geo,http://rdf.insee.fr/def/geo#
ignf,http://data.ign.fr/def/ignf,http://data.ign.fr/def/ignf#
incident,http://vocab.resc.info/incident,http://vocab.resc.info/incident#
infor,http://www.ontologydesignpatterns.org/cp/owl/informationrealization.owl,http://www.ontologydesignpatterns.org/cp/owl/informationrealization.owl#
inno,http://purl.org/innovation/ns,http://purl.org/innovation/ns#
interval,http://reference.data.gov.uk/def/intervals,http://reference.data.gov.uk/def/intervals/
iol,http://www.ontologydesignpatterns.org/ont/dul/IOLite.owl,http://www.ontologydesignpatterns.org/ont/dul/IOLite.owl#
ioto,http://www.irit.fr/recherches/MELODI/ontologies/IoT-O,http://www.irit.fr/recherches/MELODI/ontologies/IoT-O#
ipo,http://purl.org/ipo/core,http://purl.org/ipo/core#
irw,http://www.ontologydesignpatterns.org/ont/web/irw.owl,http://www.ontologydesignpatterns.org/ont/web/irw.owl#
is,http://purl.org/ontology/is/core#,http://purl.org/ontology/is/core#
isbd,http://iflastandards.info/ns/isbd/elements/,http://iflastandards.info/ns/isbd/elements/
iso-thes,http://purl.org/iso25964/skos-thes,http://purl.org/iso25964/skos-thes#
iso37120,http://ontology.eil.utoronto.ca/ISO37120.owl,http://ontology.eil.utoronto.ca/ISO37120.owl#
ispra,http://dati.isprambiente.it/ontology/core#,http://dati.isprambiente.it/ontology/core#
itm,http://spi-fm.uca.es/spdef/models/genericTools/itm/1.0,http://spi-fm.uca.es/spdef/models/genericTools/itm/1.0#
itsmo,http://ontology.it/itsmo/v1,http://ontology.it/itsmo/v1#
jup,http://w3id.org/charta77/jup,http://w3id.org/charta77/jup/
juso,http://rdfs.co/juso/,http://rdfs.co/juso/
juso.kr,http://rdfs.co/juso/kr/,http://rdfs.co/juso/kr/
kdo,http://kdo.render-project.eu/kdo#,http://kdo.render-project.eu/kdo#
kees,http://linkeddata.center/kees/v1,http://linkeddata.center/kees/v1#
keys,http://purl.org/NET/c4dm/keys.owl,http://purl.org/NET/c4dm/keys.owl#
km4c,http://www.disit.org/km4city/schema,http://www.disit.org/km4city/schema#
label,http://purl.org/net/vocab/2004/03/label,http://purl.org/net/vocab/2004/03/label#
lawd,http://lawd.info/ontology/,http://lawd.info/ontology/
lcy,http://purl.org/vocab/lifecycle/schema,http://purl.org/vocab/lifecycle/schema#
ldp,http://www.w3.org/ns/ldp#,http://www.w3.org/ns/ldp#
ldr,http://purl.oclc.org/NET/ldr/ns#,http://purl.oclc.org/NET/ldr/ns#
ldvm,http://linked.opendata.cz/ontology/ldvm/,http://linked.opendata.cz/ontology/ldvm/
lemon,http://lemon-model.net/lemon,http://lemon-model.net/lemon#
lexinfo,http://www.lexinfo.net/ontology/2.0/lexinfo,http://www.lexinfo.net/ontology/2.0/lexinfo#
lgdo,http://linkedgeodata.org/ontology,http://linkedgeodata.org/ontology/
li,http://def.seegrid.csiro.au/isotc211/iso19115/2003/lineage,http://def.seegrid.csiro.au/isotc211/iso19115/2003/lineage#
lib,http://purl.org/library/,http://purl.org/library/
lifecycle,http://www.irit.fr/recherches/MELODI/ontologies/IoT-Lifecycle,http://purl.org/vocab/lifecycle/schema#
limo,http://purl.org/limo-ontology/limo/,http://purl.org/limo-ontology/limo#
limoo,http://purl.org/LiMo/0.1#,http://purl.org/LiMo/0.1#
lingvo,http://www.lingvoj.org/ontology,http://www.lingvoj.org/ontology#
lio,http://purl.org/net/lio,http://purl.org/net/lio#
llont,http://www.linklion.org/ontology,http://www.linklion.org/ontology#
lmm1,http://www.ontologydesignpatterns.org/ont/lmm/LMM_L1.owl,http://www.ontologydesignpatterns.org/ont/lmm/LMM_L1.owl#
lmm2,http://www.ontologydesignpatterns.org/ont/lmm/LMM_L2.owl,http://www.ontologydesignpatterns.org/ont/lmm/LMM_L2.owl#
loc,http://purl.org/ctic/infraestructuras/localizacion,http://purl.org/ctic/infraestructuras/localizacion#
locah,http://data.archiveshub.ac.uk/def/,http://data.archiveshub.ac.uk/def/
locn,http://www.w3.org/ns/locn,http://www.w3.org/ns/locn#
lode,http://linkedevents.org/ontology/,http://linkedevents.org/ontology/
log,http://www.w3.org/2000/10/swap/log,http://www.w3.org/2000/10/swap/log#
lom,http://data.opendiscoveryspace.eu/lom_ontology_ods.owl,http://data.opendiscoveryspace.eu/lom_ontology_ods.owl#
loted,http://loted.eu/ontology,http://loted.eu/ontology#
lsc,http://linkedscience.org/lsc/ns#,http://linkedscience.org/lsc/ns#
lslife,http://ontology.cybershare.utep.edu/ELSEWeb/elseweb-lifemapper.owl,http://ontology.cybershare.utep.edu/ELSEWeb/elseweb-lifemapper.owl#
lsmap,http://ontology.cybershare.utep.edu/ELSEWeb/mappings/elseweb-mappings.owl,http://ontology.cybershare.utep.edu/ELSEWeb/elseweb-data.owl#
lsq,http://lsq.aksw.org/vocab,http://lsq.aksw.org/vocab#
lsweb,http://ontology.cybershare.utep.edu/ELSEWeb/elseweb-data.owl,http://ontology.cybershare.utep.edu/ELSEWeb/elseweb-data.owl#
lswmo,http://ontology.cybershare.utep.edu/ELSEWeb/elseweb-modelling.owl,http://ontology.cybershare.utep.edu/ELSEWeb/elseweb-modelling.owl#
lswpm,http://ontology.cybershare.utep.edu/ELSEWeb/elseweb-lifemapper-parameters.owl,http://ontology.cybershare.utep.edu/ELSEWeb/elseweb-lifemapper-parameters.owl#
ludo,http://ns.inria.fr/ludo,http://ns.inria.fr/ludo
ludo-xapi,http://ns.inria.fr/ludo/v1/xapi,http://ns.inria.fr/ludo/v1/xapi#
lv,http://purl.org/lobid/lv,http://purl.org/lobid/lv#
lvont,http://lexvo.org/ontology,http://lexvo.org/ontology#
lyou,http://purl.org/linkingyou/,http://purl.org/linkingyou/
m3lite,http://purl.org/iot/vocab/m3-lite#,http://purl.org/iot/vocab/m3-lite#
ma-ont,http://www.w3.org/ns/ma-ont,http://www.w3.org/ns/ma-ont#
mads,http://www.loc.gov/mads/rdf/v1,http://www.loc.gov/mads/rdf/v1#
marl,http://www.gsi.dit.upm.es/ontologies/marl/ns,http://www.gsi.dit.upm.es/ontologies/marl/ns#
maso,http://securitytoolbox.appspot.com/MASO,http://securitytoolbox.appspot.com/MASO#
md,http://def.seegrid.csiro.au/isotc211/iso19115/2003/metadata,http://def.seegrid.csiro.au/isotc211/iso19115/2003/metadata#
meb,http://rdf.myexperiment.org/ontologies/base/,http://rdf.myexperiment.org/ontologies/base/
media,http://purl.org/media,http://purl.org/media#
mexalgo,http://mex.aksw.org/mex-algo,http://mex.aksw.org/mex-algo#
mexcore,http://mex.aksw.org/mex-core,http://mex.aksw.org/mex-core#
mexperf,http://mex.aksw.org/mex-perf,http://mex.aksw.org/mex-perf#
mil,http://rdf.muninn-project.org/ontologies/military,http://rdf.muninn-project.org/ontologies/military#
mo,http://purl.org/ontology/mo/,http://purl.org/ontology/mo/
moac,http://www.observedchange.com/moac/ns#,http://observedchange.com/moac/ns#
moat,http://moat-project.org/ns#,http://moat-project.org/ns#
mrel,http://id.loc.gov/vocabulary/relators,http://id.loc.gov/vocabulary/relators/
msm,http://iserve.kmi.open.ac.uk/ns/msm,http://iserve.kmi.open.ac.uk/ns/msm#
msr,http://www.telegraphis.net/ontology/measurement/measurement#,http://www.telegraphis.net/ontology/measurement/measurement#
mtlo,http://www.ics.forth.gr/isl/MarineTLO/v4/marinetlo.owl,http://www.ics.forth.gr/isl/MarineTLO/v4/marinetlo.owl#
music,http://www.kanzaki.com/ns/music,http://www.kanzaki.com/ns/music#
muto,http://purl.org/muto/core,http://purl.org/muto/core#
mvco,http://purl.oclc.org/NET/mvco.owl,http://purl.oclc.org/NET/mvco.owl#
nao,http://www.semanticdesktop.org/ontologies/2007/08/15/nao,http://www.semanticdesktop.org/ontologies/2007/08/15/nao#
ncal,http://www.semanticdesktop.org/ontologies/2007/04/02/ncal,http://www.semanticdesktop.org/ontologies/2007/04/02/ncal#
nco,http://www.semanticdesktop.org/ontologies/2007/03/22/nco,http://www.semanticdesktop.org/ontologies/2007/03/22/nco#
nfo,http://www.semanticdesktop.org/ontologies/2007/03/22/nfo,http://www.semanticdesktop.org/ontologies/2007/03/22/nfo#
ngeo,http://geovocab.org/geometry,http://geovocab.org/geometry#
nie,http://www.semanticdesktop.org/ontologies/2007/01/19/nie,http://www.semanticdesktop.org/ontologies/2007/01/19/nie#
nif,http://persistence.uni-leipzig.org/nlp2rdf/ontologies/nif-core#,http://persistence.uni-leipzig.org/nlp2rdf/ontologies/nif-core#
nlon,http://lod.nl.go.kr/ontology/,http://lod.nl.go.kr/ontology/
npg,http://ns.nature.com/terms/,http://ns.nature.com/terms/
nrl,http://www.semanticdesktop.org/ontologies/2007/08/15/nrl,http://www.semanticdesktop.org/ontologies/2007/08/15/nrl#
nsl,http://purl.org/ontology/storyline,http://purl.org/ontology/storyline/
ntag,http://ns.inria.fr/nicetag/2010/09/09/voc,http://ns.inria.fr/nicetag/2010/09/09/voc#
oa,http://www.w3.org/ns/oa#,http://www.w3.org/ns/oa#
oad,http://lod.xdams.org/reload/oad,http://lod.xdams.org/reload/oad/
oae,http://www.ics.forth.gr/isl/oae/core,http://www.ics.forth.gr/isl/oae/core#
oan,http://data.lirmm.fr/ontologies/oan,http://data.lirmm.fr/ontologies/oan/
obo,http://purl.obolibrary.org/obo/obi.owl,http://purl.obolibrary.org/obo/
obsm,http://rdf.geospecies.org/methods/observationMethod.rdf,http://rdf.geospecies.org/methods/observationMethod#
obws,http://delicias.dia.fi.upm.es/ontologies/ObjectWithStates.owl,http://delicias.dia.fi.upm.es/ontologies/ObjectWithStates.owl#
oc,http://contextus.net/ontology/ontomedia/core/expression#,http://contextus.net/ontology/ontomedia/core/expression#
ocd,http://dati.camera.it/ocd/,http://dati.camera.it/ocd/
odapp,http://vocab.deri.ie/odapp,http://vocab.deri.ie/odapp#
odapps,http://semweb.mmlab.be/ns/odapps,http://semweb.mmlab.be/ns/odapps#
odpart,http://www.ontologydesignpatterns.org/cp/owl/participation.owl,http://www.ontologydesignpatterns.org/cp/owl/participation.owl#
odrl,http://www.w3.org/ns/odrl/2/,http://www.w3.org/ns/odrl/2/
odrs,http://schema.theodi.org/odrs,http://schema.theodi.org/odrs#
odv,http://reference.data.gov.uk/def/organogram,http://reference.data.gov.uk/def/organogram/
oecc,http://www.oegov.org/core/owl/cc,http://www.oegov.org/core/owl/cc#
of,http://owlrep.eu01.aws.af.cm/fridge,http://owlrep.eu01.aws.af.cm/fridge#
ofrd,http://purl.org/opdm/refrigerator#,http://purl.org/opdm/refrigerator#
og,http://ogp.me/ns,http://ogp.me/ns#
oh,http://semweb.mmlab.be/ns/oh,http://semweb.mmlab.be/ns/oh#
olca,http://www.lingvoj.org/olca,http://www.lingvoj.org/olca#
olo,http://purl.org/ontology/olo/core#,http://purl.org/ontology/olo/core#
om,http://def.seegrid.csiro.au/isotc211/iso19156/2011/observation,http://def.seegrid.csiro.au/isotc211/iso19156/2011/observation#
oml,http://def.seegrid.csiro.au/ontology/om/om-lite,http://def.seegrid.csiro.au/ontology/om/om-lite#
omn,http://open-multinet.info/ontology/omn,http://open-multinet.info/ontology/omn#
omnfed,http://open-multinet.info/ontology/omn-federation,http://open-multinet.info/ontology/omn-federation#
omnlc,http://open-multinet.info/ontology/omn-lifecycle,http://open-multinet.info/ontology/omn-lifecycle#
onc,http://www.ics.forth.gr/isl/oncm/core,http://www.ics.forth.gr/isl/oncm/core#
ont,http://purl.org/net/ns/ontology-annot,http://purl.org/net/ns/ontology-annot#
ontopic,http://www.ontologydesignpatterns.org/ont/dul/ontopic.owl,http://www.ontologydesignpatterns.org/ont/dul/ontopic.owl#
ontosec,http://www.semanticweb.org/ontologies/2008/11/OntologySecurity.owl,http://www.semanticweb.org/ontologies/2008/11/OntologySecurity.owl#
onyx,http://www.gsi.dit.upm.es/ontologies/onyx/ns,http://www.gsi.dit.upm.es/ontologies/onyx/ns#
oo,http://purl.org/openorg/,http://purl.org/openorg/
op,http://environment.data.gov.au/def/op,http://environment.data.gov.au/def/op#
open311,http://ontology.eil.utoronto.ca/open311.owl,http://ontology.eil.utoronto.ca/open311#
opmo,http://openprovenance.org/model/opmo,http://openprovenance.org/model/opmo#
opmv,http://purl.org/net/opmv/ns#,http://purl.org/net/opmv/ns#
opmw,http://www.opmw.org/ontology/,http://www.opmw.org/ontology/
opo,http://online-presence.net/opo/ns#,http://online-presence.net/opo/ns#
opus,http://lsdis.cs.uga.edu/projects/semdis/opus#,http://lsdis.cs.uga.edu/projects/semdis/opus#
ore,http://www.openarchives.org/ore/terms/,http://www.openarchives.org/ore/terms/
org,http://www.w3.org/ns/org#,http://www.w3.org/ns/org#
orges,http://datos.gob.es/def/sector-publico/organizacion#,http://datos.gob.es/def/sector-publico/organizacion#
osadm,http://data.ordnancesurvey.co.uk/ontology/admingeo/,http://data.ordnancesurvey.co.uk/ontology/admingeo/
osgeom,http://data.ordnancesurvey.co.uk/ontology/geometry/,http://data.ordnancesurvey.co.uk/ontology/geometry/
oslc,http://open-services.net/ns/core#,http://open-services.net/ns/core#
oslo,http://purl.org/oslo/ns/localgov,http://purl.org/oslo/ns/localgov#
osp,http://data.lirmm.fr/ontologies/osp,http://data.lirmm.fr/ontologies/osp#
osr,http://contextus.net/ontology/ontomedia/core/space#,http://contextus.net/ontology/ontomedia/core/space#
osspr,http://data.ordnancesurvey.co.uk/ontology/spatialrelations/,http://data.ordnancesurvey.co.uk/ontology/spatialrelations/
ostop,http://www.ordnancesurvey.co.uk/ontology/Topography/v0.1/Topography.owl,http://www.ordnancesurvey.co.uk/ontology/Topography/v0.1/Topography.owl#
ov,http://open.vocab.org/terms,http://open.vocab.org/terms/
owl,http://www.w3.org/2002/07/owl,http://www.w3.org/2002/07/owl#
p-plan,http://purl.org/net/p-plan#,http://purl.org/net/p-plan#
parl,http://reference.data.gov.uk/def/parliament,http://reference.data.gov.uk/def/parliament/
part,http://purl.org/vocab/participation/schema,http://purl.org/vocab/participation/schema#
passim,http://data.lirmm.fr/ontologies/passim,http://data.lirmm.fr/ontologies/passim#
pat,http://purl.org/hpi/patchr#,http://purl.org/hpi/patchr#
pattern,http://www.essepuntato.it/2008/12/pattern,http://www.essepuntato.it/2008/12/pattern#
pav,http://purl.org/pav/,http://purl.org/pav/
pay,http://reference.data.gov.uk/def/payment#,http://reference.data.gov.uk/def/payment#
pbo,http://purl.org/ontology/pbo/core#,http://purl.org/ontology/pbo/core#
pc,http://purl.org/procurement/public-contracts,http://purl.org/procurement/public-contracts#
pdo,http://vocab.deri.ie/pdo,http://ontologies.smile.deri.ie/pdo#
person,http://www.w3.org/ns/person,http://www.w3.org/ns/person#
pext,http://www.ontotext.com/proton/protonext,http://www.ontotext.com/proton/protonext#
phdd,http://rdf-vocabulary.ddialliance.org/phdd,http://rdf-vocabulary.ddialliance.org/phdd#
place,http://purl.org/ontology/places,http://purl.org/ontology/places#
plo,http://purl.org/net/po#,http://purl.org/net/po#
pmlp,http://inference-web.org/2.0/pml-provenance.owl,http://inference-web.org/2.0/pml-provenance.owl#
pna,http://data.press.net/ontology/asset/,http://data.press.net/ontology/asset/
pnc,http://data.press.net/ontology/classification/,http://data.press.net/ontology/classification/
pne,http://data.press.net/ontology/event/,http://data.press.net/ontology/event/
pni,http://data.press.net/ontology/identifier/,http://data.press.net/ontology/identifier/
pns,http://data.press.net/ontology/stuff/,http://data.press.net/ontology/stuff/
pnt,http://data.press.net/ontology/tag/,http://data.press.net/ontology/tag/
po,http://purl.org/ontology/po/,http://purl.org/ontology/po/
poder,http://dev.poderopedia.com/vocab/schema,http://dev.poderopedia.com/vocab/
postcode,http://data.ordnancesurvey.co.uk/ontology/postcode/,http://data.ordnancesurvey.co.uk/ontology/postcode/
poste,http://data.lirmm.fr/ontologies/poste,http://data.lirmm.fr/ontologies/poste#
ppo,http://vocab.deri.ie/ppo,http://vocab.deri.ie/ppo#
pproc,http://contsem.unizar.es/def/sector-publico/pproc,http://contsem.unizar.es/def/sector-publico/pproc#
pr,http://purl.org/ontology/prv/core#,http://purl.org/ontology/prv/core#
premis,http://www.loc.gov/premis/rdf/v1,http://www.loc.gov/premis/rdf/v1#
prissma,http://ns.inria.fr/prissma/v2#,http://ns.inria.fr/prissma/v2#
pro,http://purl.org/spar/pro,http://purl.org/spar/pro/
prog,http://purl.org/prog/,http://purl.org/prog/
prov,http://www.w3.org/ns/prov#,http://www.w3.org/ns/prov#
provoc,http://ns.inria.fr/provoc,http://ns.inria.fr/provoc#
prv,http://purl.org/net/provenance/ns#,http://purl.org/net/provenance/ns#
prvt,http://purl.org/net/provenance/types#,http://purl.org/net/provenance/types#
pso,http://purl.org/spar/pso,http://purl.org/spar/pso/
ptop,http://www.ontotext.com/proton/protontop,http://www.ontotext.com/proton/protontop#
pwo,http://purl.org/spar/pwo,http://purl.org/spar/pwo/
qb,http://purl.org/linked-data/cube,http://purl.org/linked-data/cube#
qb4o,http://purl.org/qb4olap/cubes,http://purl.org/qb4olap/cubes#
qu,http://purl.oclc.org/NET/ssnx/qu/qu,http://purl.oclc.org/NET/ssnx/qu/qu#
qudt,http://qudt.org/schema/qudt,http://qudt.org/schema/qudt#
r4r,http://guava.iis.sinica.edu.tw/r4r,http://guava.iis.sinica.edu.tw/r4r/
radion,http://www.w3.org/ns/radion#,http://www.w3.org/ns/radion#
raul,http://vocab.deri.ie/raul,http://purl.org/NET/raul#
rdaa,http://rdaregistry.info/Elements/a,http://rdaregistry.info/Elements/a/
rdac,http://rdaregistry.info/Elements/c,http://rdaregistry.info/Elements/c/
rdae,http://rdaregistry.info/Elements/e,http://rdaregistry.info/Elements/e/
rdafrbr,http://rdvocab.info/uri/schema/FRBRentitiesRDA,http://rdvocab.info/uri/schema/FRBRentitiesRDA/
rdag1,http://rdvocab.info/Elements,http://rdvocab.info/Elements/
rdag2,http://rdvocab.info/ElementsGr2,http://rdvocab.info/ElementsGr2/
rdag3,http://rdvocab.info/ElementsGr3,http://rdvocab.info/ElementsGr3/
rdai,http://rdaregistry.info/Elements/i,http://rdaregistry.info/Elements/i/
rdam,http://rdaregistry.info/Elements/m,http://rdaregistry.info/Elements/m/
rdarel,http://rdvocab.info/RDARelationshipsWEMI,http://rdvocab.info/RDARelationshipsWEMI/
rdarel2,http://metadataregistry.org/uri/schema/RDARelationshipsGR2,http://metadataregistry.org/uri/schema/RDARelationshipsGR2/
rdarole,http://rdvocab.info/roles,http://rdvocab.info/roles/
rdau,http://rdaregistry.info/Elements/u,http://rdaregistry.info/Elements/u/
rdaw,http://rdaregistry.info/Elements/w,http://rdaregistry.info/Elements/w/
rdf,http://www.w3.org/1999/02/22-rdf-syntax-ns#,http://www.w3.org/1999/02/22-rdf-syntax-ns#
rdfa,http://www.w3.org/ns/rdfa#,http://www.w3.org/ns/rdfa#
rdfg,http://www.w3.org/2004/03/trix/rdfg-1/,http://www.w3.org/2004/03/trix/rdfg-1/
rdfs,http://www.w3.org/2000/01/rdf-schema#,http://www.w3.org/2000/01/rdf-schema#
rec,http://purl.org/ontology/rec/core#,http://purl.org/ontology/rec/core#
rec54,http://www.w3.org/2001/02pd/rec54#,http://www.w3.org/2001/02pd/rec54#
reco,http://purl.org/reco#,http://purl.org/reco#
reegle,http://reegle.info/schema,http://reegle.info/schema#
rel,http://purl.org/vocab/relationship/,http://purl.org/vocab/relationship/
remetca,http://www.purl.org/net/remetca#,http://www.purl.org/net/remetca#
rev,http://purl.org/stuff/rev#,http://purl.org/stuff/rev#
rlog,http://persistence.uni-leipzig.org/nlp2rdf/ontologies/rlog#,http://persistence.uni-leipzig.org/nlp2rdf/ontologies/rlog#
ro,http://purl.org/wf4ever/ro,http://purl.org/wf4ever/ro#
rov,http://www.w3.org/ns/regorg,http://www.w3.org/ns/regorg#
rr,http://www.w3.org/ns/r2rml#,http://www.w3.org/ns/r2rml#
rss,http://purl.org/rss/1.0,http://purl.org/rss/1.0/
ru,http://purl.org/imbi/ru-meta.owl,http://purl.org/imbi/ru-meta.owl#
ruto,http://rdfunit.aksw.org/ns/core#,http://rdfunit.aksw.org/ns/core#
s4ac,http://ns.inria.fr/s4ac/v2,http://ns.inria.fr/s4ac/v2#
s4ee,https://w3id.org/saref4ee,https://w3id.org/saref4ee#
sam,http://def.seegrid.csiro.au/isotc211/iso19156/2011/sampling,http://def.seegrid.csiro.au/isotc211/iso19156/2011/sampling#
samfl,http://def.seegrid.csiro.au/ontology/om/sam-lite,http://def.seegrid.csiro.au/ontology/om/sam-lite#
sao,http://salt.semanticauthoring.org/ontologies/sao,http://salt.semanticauthoring.org/ontologies/sao#
saref,https://w3id.org/saref,https://w3id.org/saref#
saws,http://purl.org/saws/ontology,http://purl.org/saws/ontology#
schema,http://schema.org/,http://schema.org/
scip,http://lod.taxonconcept.org/ontology/sci_people.owl,http://lod.taxonconcept.org/ontology/sci_people.owl#
scoro,http://purl.org/spar/scoro/,http://purl.org/spar/scoro/
scot,http://rdfs.org/scot/ns#,http://rdfs.org/scot/ns#
scovo,http://vocab.deri.ie/scovo,http://purl.org/NET/scovo#
scsv,http://vocab.deri.ie/scsv,http://purl.org/NET/schema-org-csv#
sd,http://www.w3.org/ns/sparql-service-description,http://www.w3.org/ns/sparql-service-description#
sdmx,http://purl.org/linked-data/sdmx,http://purl.org/linked-data/sdmx#
sdmx-code,http://purl.org/linked-data/sdmx/2009/code,http://purl.org/linked-data/sdmx/2009/code#
sdmx-dimension,http://purl.org/linked-data/sdmx/2009/dimension,http://purl.org/linked-data/sdmx/2009/dimension#
sdo,http://salt.semanticauthoring.org/ontologies/sdo,http://salt.semanticauthoring.org/ontologies/sdo#
search,http://vocab.deri.ie/search,http://sindice.com/vocab/search#
seas,http://purl.org/NET/seas,http://purl.org/NET/seas#
security,http://securitytoolbox.appspot.com/securityMain,http://securitytoolbox.appspot.com/securityMain#
sem,http://semanticweb.cs.vu.nl/2009/11/sem/,http://semanticweb.cs.vu.nl/2009/11/sem/
semio,http://www.lingvoj.org/semio.rdf,http://www.lingvoj.org/semio#
seq,http://www.ontologydesignpatterns.org/cp/owl/sequence.owl,http://www.ontologydesignpatterns.org/cp/owl/sequence.owl#
service,http://purl.org/ontology/service,http://purl.org/ontology/service#
sf,http://www.opengis.net/ont/sf,http://www.opengis.net/ont/sf#
shoah,http://dati.cdec.it/lod/shoah/,http://dati.cdec.it/lod/shoah/
shw,http://paul.staroch.name/thesis/SmartHomeWeather.owl#,http://paul.staroch.name/thesis/SmartHomeWeather.owl#
sim,http://purl.org/ontology/similarity/,http://purl.org/ontology/similarity/
sio,http://semanticscience.org/ontology/sio.owl,http://semanticscience.org/resource/
sioc,http://rdfs.org/sioc/ns#,http://rdfs.org/sioc/ns#
situ,http://www.ontologydesignpatterns.org/cp/owl/situation.owl,http://www.ontologydesignpatterns.org/cp/owl/situation.owl#
skos,http://www.w3.org/2004/02/skos/core,http://www.w3.org/2004/02/skos/core#
skosxl,http://www.w3.org/2008/05/skos-xl,http://www.w3.org/2008/05/skos-xl#
smg,http://ns.cerise-project.nl/energy/def/cim-smartgrid,http://ns.cerise-project.nl/energy/def/cim-smartgrid#
snarm,http://rdf.myexperiment.org/ontologies/snarm/,http://rdf.myexperiment.org/ontologies/snarm/
sor,http://purl.org/net/soron,http://purl.org/net/soron/
sp,http://spinrdf.org/sp,http://spinrdf.org/sp#
spatial,http://geovocab.org/spatial,http://geovocab.org/spatial#
spcm,http://spi-fm.uca.es/spdef/models/deployment/spcm/1.0,http://spi-fm.uca.es/spdef/models/deployment/spcm/1.0#
spfood,http://kmi.open.ac.uk/projects/smartproducts/ontologies/food.owl,http://kmi.open.ac.uk/projects/smartproducts/ontologies/food.owl#
spin,http://spinrdf.org/spin,http://spinrdf.org/spin#
sport,http://www.bbc.co.uk/ontologies/sport,http://www.bbc.co.uk/ontologies/sport/
spt,http://spitfire-project.eu/ontology/ns,http://spitfire-project.eu/ontology/ns/
sql,http://ns.inria.fr/ast/sql#,http://ns.inria.fr/ast/sql#
sro,http://salt.semanticauthoring.org/ontologies/sro,http://salt.semanticauthoring.org/ontologies/sro#
ssn,http://www.w3.org/2005/Incubator/ssn/ssnx/ssn,http://purl.oclc.org/NET/ssnx/ssn#
ssso,http://purl.org/ontology/ssso,http://purl.org/ontology/ssso#
st,http://semweb.mmlab.be/ns/stoptimes#Ontology,http://semweb.mmlab.be/ns/stoptimes#
stac,http://securitytoolbox.appspot.com/stac,http://securitytoolbox.appspot.com/stac#
step,http://purl.org/net/step,http://purl.org/net/step#
stories,http://purl.org/ontology/stories/,http://purl.org/ontology/stories/
swc,http://data.semanticweb.org/ns/swc/ontology,http://data.semanticweb.org/ns/swc/ontology#
swp,http://www.w3.org/2004/03/trix/swp-1,http://www.w3.org/2004/03/trix/swp-1/
swpm,http://spi-fm.uca.es/spdef/models/deployment/swpm/1.0,http://spi-fm.uca.es/spdef/models/deployment/swpm/1.0#
swpo,http://sw-portal.deri.org/ontologies/swportal,http://sw-portal.deri.org/ontologies/swportal#
swrc,http://swrc.ontoware.org/ontology-07,http://swrc.ontoware.org/ontology#
swrl,http://www.w3.org/2003/11/swrl,http://www.w3.org/2003/11/swrl#
tac,http://ns.bergnet.org/tac/0.1/triple-access-control,http://ns.bergnet.org/tac/0.1/triple-access-control#
tag,http://www.holygoat.co.uk/owl/redwood/0.1/tags/,http://www.holygoat.co.uk/owl/redwood/0.1/tags/
tao,http://vocab.deri.ie/tao,http://vocab.deri.ie/tao#
taxon,http://purl.org/biodiversity/taxon/,http://purl.org/biodiversity/taxon/
te,http://www.w3.org/2006/time-entry,http://www.w3.org/2006/time-entry#
teach,http://linkedscience.org/teach/ns#,http://linkedscience.org/teach/ns#
test,http://www.w3.org/2006/03/test-description,http://www.w3.org/2006/03/test-description#
theatre,http://purl.org/theatre#,http://purl.org/theatre#
thors,http://resource.geosciml.org/ontology/timescale/thors,http://resource.geosciml.org/ontology/timescale/thors#
ti,http://www.ontologydesignpatterns.org/cp/owl/timeinterval.owl,http://www.ontologydesignpatterns.org/cp/owl/timeinterval.owl#
time,http://www.w3.org/2006/time,http://www.w3.org/2006/time#
tio,http://purl.org/tio/ns#,http://purl.org/tio/ns#
tis,http://www.ontologydesignpatterns.org/cp/owl/timeindexedsituation.owl,http://www.ontologydesignpatterns.org/cp/owl/timeindexedsituation.owl
tisc,http://www.observedchange.com/tisc/ns#,http://observedchange.com/tisc/ns#
tl,http://purl.org/NET/c4dm/timeline.owl,http://purl.org/NET/c4dm/timeline.owl#
tm,http://def.seegrid.csiro.au/isotc211/iso19108/2002/temporal,http://def.seegrid.csiro.au/isotc211/iso19108/2002/temporal#
tmo,http://www.w3.org/2001/sw/hcls/ns/transmed/,http://www.w3.org/2001/sw/hcls/ns/transmed/
topo,http://data.ign.fr/def/topo,http://data.ign.fr/def/topo#
tp,http://tour-pedia.org/download/tp.owl,http://tour-pedia.org/download/tp.owl#
traffic,http://www.sensormeasurement.appspot.com/ont/transport/traffic,http://www.sensormeasurement.appspot.com/ont/transport/traffic#
trait,http://contextus.net/ontology/ontomedia/ext/common/trait#,http://contextus.net/ontology/ontomedia/ext/common/trait#
transit,http://vocab.org/transit/terms/,http://vocab.org/transit/terms/
tsioc,http://rdfs.org/sioc/types#,http://rdfs.org/sioc/types#
turismo,http://idi.fundacionctic.org/cruzar/turismo,http://idi.fundacionctic.org/cruzar/turismo#
tvc,http://www.essepuntato.it/2012/04/tvc,http://www.essepuntato.it/2012/04/tvc/
txn,http://lod.taxonconcept.org/ontology/txn.owl,http://lod.taxonconcept.org/ontology/txn.owl#
tzont,http://www.w3.org/2006/timezone,http://www.w3.org/2006/timezone#
uby,http://purl.org/olia/ubyCat.owl,http://purl.org/olia/ubyCat.owl#
uco,http://purl.org/uco/ns#,http://purl.org/uco/ns#
ui,http://www.w3.org/ns/ui,http://www.w3.org/ns/ui#
umbel,http://umbel.org/umbel,http://umbel.org/umbel#
uneskos,http://purl.org/umu/uneskos,http://purl.org/umu/uneskos#
uniprot,http://purl.uniprot.org/core/,http://purl.uniprot.org/core/
uri4uri,http://uri4uri.net/vocab,http://uri4uri.net/vocab#
va,http://code-research.eu/ontology/visual-analytics,http://code-research.eu/ontology/visual-analytics#
vaem,http://www.linkedmodel.org/schema/vaem,http://www.linkedmodel.org/schema/vaem#
vag,http://www.essepuntato.it/2013/10/vagueness,http://www.essepuntato.it/2013/10/vagueness/
vann,http://purl.org/vocab/vann/,http://purl.org/vocab/vann/
vcard,http://www.w3.org/2006/vcard/ns,http://www.w3.org/2006/vcard/ns#
vdpp,http://data.lirmm.fr/ontologies/vdpp,http://data.lirmm.fr/ontologies/vdpp#
vgo,http://purl.org/net/VideoGameOntology,http://purl.org/net/VideoGameOntology#
vin,http://www.w3.org/TR/2003/PR-owl-guide-20031209/wine,http://www.w3.org/TR/2003/PR-owl-guide-20031209/wine#
vivo,http://vivoweb.org/ontology/core,http://vivoweb.org/ontology/core#
vmm,http://spi-fm.uca.es/spdef/models/genericTools/vmm/1.0,http://spi-fm.uca.es/spdef/models/genericTools/vmm/1.0#
voaf,http://purl.org/vocommons/voaf,http://purl.org/vocommons/voaf#
voag,http://voag.linkedmodel.org/schema/voag,http://voag.linkedmodel.org/voag#
void,http://vocab.deri.ie/void,http://rdfs.org/ns/void#
voidwh,http://www.ics.forth.gr/isl/VoIDWarehouse/VoID_Extension_Schema.owl,http://www.ics.forth.gr/isl/VoIDWarehouse/VoID_Extension_Schema.owl
vra,http://simile.mit.edu/2003/10/ontologies/vraCore3#,http://simile.mit.edu/2003/10/ontologies/vraCore3#
vrank,http://vocab.sti2.at/vrank,http://purl.org/voc/vrank#
vs,http://www.w3.org/2003/06/sw-vocab-status/ns,http://www.w3.org/2003/06/sw-vocab-status/ns#
vsearch,http://vocab.sti2.at/vsearch/,http://vocab.sti2.at/vsearch/
vso,http://purl.org/vso/ns,http://purl.org/vso/ns#
vvo,http://purl.org/vvo/ns#,http://purl.org/vvo/ns#
wai,http://purl.org/wai#,http://purl.org/wai#
wdrs,http://www.w3.org/2007/05/powder-s,http://www.w3.org/2007/05/powder-s#
wf-invoc,http://purl.org/net/wf-invocation,http://purl.org/net/wf-invocation#
wfdesc,http://purl.org/wf4ever/wfdesc,http://purl.org/wf4ever/wfdesc#
wfm,http://purl.org/net/wf-motifs,http://purl.org/net/wf-motifs#
wfprov,http://purl.org/wf4ever/wfprov,http://purl.org/wf4ever/wfprov#
whisky,http://vocab.org/whisky/terms,http://vocab.org/whisky/terms/
whois,http://www.kanzaki.com/ns/whois,http://www.kanzaki.com/ns/whois#
wi,http://purl.org/ontology/wi/core#,http://purl.org/ontology/wi/core#
wikim,http://spi-fm.uca.es/spdef/models/genericTools/wikim/1.0,http://spi-fm.uca.es/spdef/models/genericTools/wikim/1.0#
wl,http://www.wsmo.org/ns/wsmo-lite#,http://www.wsmo.org/ns/wsmo-lite#
wlo,http://purl.org/ontology/wo/,http://purl.org/ontology/wo/
wo,http://purl.org/ontology/wo/core#,http://purl.org/ontology/wo/core#
wot,http://xmlns.com/wot/0.1/,http://xmlns.com/wot/0.1/
xapi,http://purl.org/xapi/ontology#,http://purl.org/xapi/ontology#
xhv,http://www.w3.org/1999/xhtml/vocab,http://www.w3.org/1999/xhtml/vocab#
xkos,http://rdf-vocabulary.ddialliance.org/xkos,http://rdf-vocabulary.ddialliance.org/xkos#
xsd,http://www.w3.org/2001/XMLSchema,http://www.w3.org/2001/XMLSchema#
zbwext,http://zbw.eu/namespaces/zbw-extensions,http://zbw.eu/namespaces/zbw-extensions/
