uri,prefix,namespace
http://www.irit.fr/recherches/MELODI/ontologies/SAN,SAN,http://www.irit.fr/recherches/MELODI/ontologies/SAN#
http://purl.org/acco/ns,acco,http://purl.org/acco/ns#
http://www.w3.org/ns/auth/acl,acl,http://www.w3.org/ns/auth/acl#
http://www.rkbexplorer.com/ontologies/acm,acm,http://acm.rkbexplorer.com/ontologies/acm#
http://privatealpha.com/ontology/certification/1#,acrt,http://privatealpha.com/ontology/certification/1#
http://www.w3.org/ns/adms,adms,http://www.w3.org/ns/adms#
http://purl.org/ontology/af/,af,http://purl.org/ontology/af/
http://www.agls.gov.au/agls/terms,agls,http://www.agls.gov.au/agls/terms/
http://d-nb.info/standards/elementset/agrelon.owl#,agrelon,http://d-nb.info/standards/elementset/agrelon.owl#
http://purl.org/vocab/aiiso/schema,aiiso,http://purl.org/vocab/aiiso/schema#
https://raw.githubusercontent.com/airs-linked-data/lov/latest/src/airs_vocabulary.ttl#,airs,https://raw.githubusercontent.com/airs-linked-data/lov/latest/src/airs_vocabulary.ttl#
http://www.aktors.org/ontology/portal,akt,http://www.aktors.org/ontology/portal#
http://www.aktors.org/ontology/support,akts,http://www.aktors.org/ontology/support#
http://securitytoolbox.appspot.com/securityAlgorithms#,algo,http://securitytoolbox.appspot.com/securityAlgorithms#
http://open-services.net/ns/asset#,am,http://open-services.net/ns/asset#
http://purl.org/ontology/ao/core#,ao,http://purl.org/ontology/ao/core#
http://rdf.muninn-project.org/ontologies/appearances,aos,http://rdf.muninn-project.org/ontologies/appearances#
http://purl.org/linked-data/api/vocab#,api,http://purl.org/linked-data/api/vocab#
http://semweb.mmlab.be/ns/apps4X,apps4X,http://semweb.mmlab.be/ns/apps4X#
http://purl.org/archival/vocab/arch,arch,http://purl.org/archival/vocab/arch#
http://bblfish.net/work/atom-owl/2006-06-06/,awol,http://bblfish.net/work/atom-owl/2006-06-06/#
http://purl.oclc.org/NET/ssnx/meteo/aws,aws,http://purl.oclc.org/NET/ssnx/meteo/aws#
http://lod.geodan.nl/vocab/bag,bag,http://lod.geodan.nl/vocab/bag#
http://def.seegrid.csiro.au/isotc211/iso19103/2005/basic,basic,http://def.seegrid.csiro.au/isotc211/iso19103/2005/basic#
http://www.bbc.co.uk/ontologies/bbc,bbc,http://www.bbc.co.uk/ontologies/bbc/
http://www.bbc.co.uk/ontologies/cms,bbccms,http://www.bbc.co.uk/ontologies/cms/
http://www.bbc.co.uk/ontologies/coreconcepts,bbccore,http://www.bbc.co.uk/ontologies/coreconcepts/
http://www.bbc.co.uk/ontologies/provenance,bbcprov,http://www.bbc.co.uk/ontologies/provenance/
http://contextus.net/ontology/ontomedia/ext/common/being#,being,http://contextus.net/ontology/ontomedia/ext/common/being#
http://rdfs.co/bevon/,bevon,http://rdfs.co/bevon/
http://bibframe.org/vocab,bf,http://bibframe.org/vocab/
http://purl.org/ontology/bibo/,bibo,http://purl.org/ontology/bibo/
http://purl.org/net/nknouf/ns/bibtex,bibtex,http://purl.org/net/nknouf/ns/bibtex#
http://purl.org/vocab/bio/0.1/,bio,http://purl.org/vocab/bio/0.1/
http://purl.org/NET/biol/ns#,biol,http://purl.org/NET/biol/ns#
http://www.biopax.org/release/biopax-level3.owl,biopax,http://www.biopax.org/release/biopax-level3.owl#
http://purl.org/biotop/biotop.owl,biotop,http://purl.org/biotop/biotop.owl#
http://purl.org/spar/biro,biro,http://purl.org/spar/biro/
http://www.bl.uk/schemas/bibliographic/blterms,blt,http://www.bl.uk/schemas/bibliographic/blterms#
http://purl.org/NET/biol/botany#,botany,http://purl.org/NET/biol/botany#
http://vocab.deri.ie/br,br,http://vocab.deri.ie/br#
http://vocab.deri.ie/c4n,c4n,http://vocab.deri.ie/c4n#
http://purl.org/spar/c4o,c4o,http://purl.org/spar/c4o/
http://www.w3.org/2002/12/cal/ical,cal,http://www.w3.org/2002/12/cal/ical#
http://purl.org/net/cartCoord#,cart,http://purl.org/net/cartCoord#
http://comicmeta.org/cbo/,cbo,http://comicmeta.org/cbo/
http://creativecommons.org/ns,cc,http://creativecommons.org/ns#
http://purl.org/ontology/cco/core#,cco,http://purl.org/ontology/cco/core#
http://purl.org/twc/ontology/cdm.owl#,cdm,http://purl.org/twc/ontology/cdm.owl#
http://purl.org/cld/cdtype/,cdtype,http://purl.org/cld/cdtype/
http://www.ebusiness-unibw.org/ontologies/consumerelectronics/v1,ceo,http://www.ebusiness-unibw.org/ontologies/consumerelectronics/v1#
http://www.eurocris.org/ontologies/cerif/1.3,cerif,http://www.eurocris.org/ontologies/cerif/1.3#
http://www.w3.org/ns/auth/cert#,cert,http://www.w3.org/ns/auth/cert#
http://purl.oclc.org/NET/ssnx/cf/cf-feature,cff,http://purl.oclc.org/NET/ssnx/cf/cf-feature#
http://purl.oclc.org/NET/ssnx/cf/cf-property,cfp,http://purl.oclc.org/NET/ssnx/cf/cf-property#
http://reference.data.gov.uk/def/central-government,cgov,http://reference.data.gov.uk/def/central-government/
http://purl.org/ontology/chord/,chord,http://purl.org/ontology/chord/
http://purl.org/spar/cito/,cito,http://purl.org/spar/cito/
http://www.essepuntato.it/2013/03/cito-functions,citof,http://www.essepuntato.it/2013/03/cito-functions/
http://advene.org/ns/cinelab/ld,cl,http://advene.org/ns/cinelab/ld#
http://purl.org/cld/terms/,cld,http://purl.org/cld/terms/
http://purl.org/twc/ontologies/cmo.owl,cmo,http://purl.org/twc/ontologies/cmo.owl#
http://www.w3.org/2011/content,cnt,http://www.w3.org/2011/content#
http://purl.org/ontology/co/core#,co,http://purl.org/ontology/co/core#
http://vocab.deri.ie/cogs,cogs,http://vocab.deri.ie/cogs#
http://purl.org/configurationontology,cold,http://purl.org/configurationontology#
http://purl.org/co,coll,http://purl.org/co/
http://vocab.resc.info/communication,comm,http://vocab.resc.info/communication#
http://www.w3.org/2000/10/swap/pim/contact,con,http://www.w3.org/2000/10/swap/pim/contact#
http://purl.org/twc/vocab/conversion/,conversion,http://purl.org/twc/vocab/conversion/
http://purl.org/coo/ns#,coo,http://purl.org/coo/ns#
http://www.daml.org/2001/09/countries/iso-3166-ont,coun,http://www.daml.org/2001/09/countries/iso-3166-ont#
http://www.ontologydesignpatterns.org/schemas/cpannotationschema.owl,cpa,http://www.ontologydesignpatterns.org/schemas/cpannotationschema.owl#
http://www.cidoc-crm.org/cidoc-crm/,crm,http://www.cidoc-crm.org/cidoc-crm/
http://rhizomik.net/ontologies/copyrightonto.owl,cro,http://rhizomik.net/ontologies/copyrightonto.owl#
http://courseware.rkbexplorer.com/ontologies/courseware,crsw,http://courseware.rkbexplorer.com/ontologies/courseware#
http://purl.org/vocab/changeset/schema,cs,http://purl.org/vocab/changeset/schema#
http://vocab.deri.ie/csp,csp,http://vocab.deri.ie/csp#
http://www.w3.org/ns/csvw#,csvw,http://www.w3.org/ns/csvw#
http://www.tele.pw.edu.pl/~sims-onto/ConnectivityType.owl,ct,http://www.tele.pw.edu.pl/~sims-onto/ConnectivityType.owl#
http://commontag.org/ns#,ctag,http://commontag.org/ns#
http://purl.org/ctic/infraestructuras/organizacion,ctorg,http://purl.org/ctic/infraestructuras/organizacion#
http://www.demcare.eu/ontologies/contextdescriptor.owl,ctxdesc,http://www.demcare.eu/ontologies/contextdescriptor.owl#
http://www.bbc.co.uk/ontologies/creativework,cwork,http://www.bbc.co.uk/ontologies/creativework/
http://www.wiwiss.fu-berlin.de/suhl/bizer/D2RQ/0.1,d2rq,http://www.wiwiss.fu-berlin.de/suhl/bizer/D2RQ/0.1#
http://vocab.deri.ie/dady,dady,http://purl.org/NET/dady#
http://purl.org/ontology/daia,daia,http://purl.org/ontology/daia/
http://purl.org/eis/vocab/daq#,daq,http://purl.org/eis/vocab/daq#
http://contextus.net/ontology/ontomedia/misc/date#,date,http://contextus.net/ontology/ontomedia/misc/date#
http://vocab.datex.org/terms#,datex,http://vocab.datex.org/terms#
http://ontology.cybershare.utep.edu/dbowl,dbowl,http://ontology.cybershare.utep.edu/dbowl/relational-to-ontology-mapping-primitive.owl#
http://dbpedia.org/ontology/,dbpedia-owl,http://dbpedia.org/ontology/
http://ontologi.es/doap-bugs#,dbug,http://ontologi.es/doap-bugs#
http://purl.org/dc/dcam/,dcam,http://purl.org/dc/dcam/
http://www.w3.org/ns/dcat,dcat,http://www.w3.org/ns/dcat#
http://purl.org/dc/elements/1.1/,dce,http://purl.org/dc/elements/1.1/
http://purl.org/spar/datacite,dcite,http://purl.org/spar/datacite/
http://ndl.go.jp/dcndl/terms/,dcndl,http://ndl.go.jp/dcndl/terms/
http://purl.org/dc/terms/,dcterms,http://purl.org/dc/terms/
http://purl.org/dc/dcmitype/,dctype,http://purl.org/dc/dcmitype/
https://decision-ontology.googlecode.com/svn/trunk/decision.owl,decision,https://decision-ontology.googlecode.com/svn/trunk/decision.owl#
http://www.demcare.eu/ontologies/demlab.owl,demlab,http://www.demcare.eu/ontologies/demlab.owl#
http://purl.org/spar/deo,deo,http://purl.org/spar/deo/
http://ontologi.es/doap-deps#,deps,http://ontologi.es/doap-deps#
http://purl.org/healthcarevocab/v1,dicom,http://purl.org/healthcarevocab/v1#
https://w3id.org/dio,dio,https://w3id.org/dio#
http://rdf-vocabulary.ddialliance.org/discovery,disco,http://rdf-vocabulary.ddialliance.org/discovery#
http://purl.org/dita/ns#,dita,http://purl.org/dita/ns#
http://onto.dm2e.eu/schemas/dm2e,dm2e,http://onto.dm2e.eu/schemas/dm2e/
http://usefulinc.com/ns/doap#,doap,http://usefulinc.com/ns/doap#
http://www.w3.org/2000/10/swap/pim/doc,doc,http://www.w3.org/2000/10/swap/pim/doc#
http://purl.org/spar/doco,doco,http://purl.org/spar/doco/
http://purl.org/ontology/dso,docso,http://purl.org/ontology/dso#
http://elite.polito.it/ontologies/dogont.owl,dogont,http://elite.polito.it/ontologies/dogont
http://purl.org/dpn,dpn,http://purl.org/dpn#
http://def.seegrid.csiro.au/isotc211/iso19115/2003/dataquality,dq,http://def.seegrid.csiro.au/isotc211/iso19115/2003/dataquality#
http://semwebquality.org/ontologies/dq-constraints,dqc,http://semwebquality.org/ontologies/dq-constraints#
http://purl.org/dqm-vocabulary/v1/dqm,dqm,http://purl.org/dqm-vocabulary/v1/dqm#
http://purl.org/swan/2.0/discourse-relationships/,dr,http://purl.org/swan/2.0/discourse-relationships/
http://vocab.data.gov/def/drm,drm,http://vocab.data.gov/def/drm#
http://purl.org/ctic/dcat#,ds,http://purl.org/ctic/dcat#
http://purl.org/dsnotify/vocab/eventset/,dsn,http://purl.org/dsnotify/vocab/eventset/
http://inference-web.org/2.0/ds.owl,dso,http://inference-web.org/2.0/ds.owl#
http://www.linkedmodel.org/schema/dtype,dtype,http://www.linkedmodel.org/schema/dtype#
http://www.ontologydesignpatterns.org/ont/dul/DUL.owl,dul,http://www.ontologydesignpatterns.org/ont/dul/DUL.owl#
http://purl.org/ontology/dvia,dvia,http://purl.org/ontology/dvia#
http://archivi.ibc.regione.emilia-romagna.it/ontology/eac-cpf/,eac-cpf,http://archivi.ibc.regione.emilia-romagna.it/ontology/eac-cpf/
http://www.w3.org/ns/earl,earl,http://www.w3.org/ns/earl#
http://linked.earth/ontology#,earth,http://linked.earth/ontology#
http://www.ebu.ch/metadata/ontologies/ebucore/ebucore,ebucore,http://www.ebu.ch/metadata/ontologies/ebucore/ebucore#
https://vocab.eccenca.com/revision/,eccrev,https://vocab.eccenca.com/revision/
http://www.eclap.eu/schema/eclap/,eclap,http://www.eclap.eu/schema/eclap/
http://purl.org/ontology/ecpo,ecpo,http://purl.org/ontology/ecpo#
http://erlangen-crm.org/current/,ecrm,http://erlangen-crm.org/current/
http://ontology.cybershare.utep.edu/ELSEWeb/elseweb-edac.owl,edac,http://ontology.cybershare.utep.edu/ELSEWeb/elseweb-edac.owl#
http://www.europeana.eu/schemas/edm/,edm,http://www.europeana.eu/schemas/edm/
http://purl.org/eem,eem,http://purl.org/eem#
http://purl.org/ctic/sector-publico/elecciones,elec,http://purl.org/ctic/sector-publico/elecciones#
http://ns.inria.fr/emoca,emotion,http://ns.inria.fr/emoca#
http://purl.org/ctic/empleo/oferta,emp,http://purl.org/ctic/empleo/oferta#
http://labs.mondeca.com/vocab/endpointStatus,ends,http://labs.mondeca.com/vocab/endpointStatus#
http://eprints.org/ontology/,ep,http://eprints.org/ontology/
http://purl.org/essglobal/vocab/,essglobal,http://purl.org/essglobal/vocab/
http://purl.org/NET/c4dm/event.owl,event,http://purl.org/NET/c4dm/event.owl#
http://purl.org/net/ns/ex,ex,http://purl.org/net/ns/ex#
http://www.w3.org/2003/12/exif/ns,exif,http://www.w3.org/2003/12/exif/ns#
http://def.seegrid.csiro.au/isotc211/iso19115/2003/extent,ext,http://def.seegrid.csiro.au/isotc211/iso19115/2003/extent#
http://purl.org/spar/fabio/,fabio,http://purl.org/spar/fabio/
http://vocab.data.gov/def/fea,fea,http://vocab.data.gov/def/fea#
http://xmlns.com/foaf/0.1/,foaf,http://xmlns.com/foaf/0.1/
http://data.lirmm.fr/ontologies/food,food,http://data.lirmm.fr/ontologies/food#
http://www.w3.org/TR/2003/PR-owl-guide-20031215/food,fowl,http://www.w3.org/TR/2003/PR-owl-guide-20031209/food#
http://iflastandards.info/ns/fr/frad/,frad,http://iflastandards.info/ns/fr/frad/
http://purl.org/cerif/frapo/,frapo,http://purl.org/cerif/frapo/
http://streamreasoning.org/ontologies/frappe#,frappe,http://streamreasoning.org/ontologies/frappe#
http://purl.org/vocab/frbr/core,frbr,http://purl.org/vocab/frbr/core#
http://purl.org/vocab/frbr/extended,frbre,http://purl.org/vocab/frbr/extended#
http://iflastandards.info/ns/fr/frbr/frbrer/,frbrer,http://iflastandards.info/ns/fr/frbr/frbrer/
http://www.w3.org/2004/09/fresnel,fresnel,http://www.w3.org/2004/09/fresnel#
http://data.ordnancesurvey.co.uk/ontology/50kGazetteer/,g50k,http://data.ordnancesurvey.co.uk/ontology/50kGazetteer/
http://data.totl.net/game/,game,http://data.totl.net/game/
http://www.oegov.org/core/owl/gc,gc,http://www.oegov.org/core/owl/gc#
http://ontology.eil.utoronto.ca/GCI/Foundation/GCI-Foundation.owl,gci,http://ontology.eil.utoronto.ca/GCI/Foundation/GCI-Foundation.owl#
http://vocab.data.gov/gd,gd,http://reference.data.gov/def/govdata/
http://purl.org/gen/0.1#,gen,http://purl.org/gen/0.1#
http://www.w3.org/2003/01/geo/wgs84_pos,geo,http://www.w3.org/2003/01/geo/wgs84_pos#
http://vocab.lenka.no/geo-deling,geod,http://vocab.lenka.no/geo-deling#
http://www.mindswap.org/2003/owl/geo/geoFeatures20040307.owl,geof,http://www.mindswap.org/2003/owl/geo/geoFeatures20040307.owl#
http://data.ign.fr/def/geofla,geofla,http://data.ign.fr/def/geofla#
http://data.ign.fr/def/geometrie,geom,http://data.ign.fr/def/geometrie#
http://aims.fao.org/aos/geopolitical.owl,geop,http://aims.fao.org/aos/geopolitical.owl#
http://rdf.geospecies.org/ont/geospecies,geosp,http://rdf.geospecies.org/ont/geospecies#
http://def.seegrid.csiro.au/isotc211/iso19109/2005/feature,gf,http://def.seegrid.csiro.au/isotc211/iso19109/2005/feature#
http://def.seegrid.csiro.au/isotc211/iso19107/2003/geometry,gm,http://def.seegrid.csiro.au/isotc211/iso19107/2003/geometry#
http://www.opengis.net/ont/gml,gml,http://www.opengis.net/ont/gml#
http://www.geonames.org/ontology,gn,http://www.geonames.org/ontology#
http://d-nb.info/standards/elementset/gnd#,gndo,http://d-nb.info/standards/elementset/gnd#
http://purl.org/linguistics/gold,gold,http://purl.org/linguistics/gold/
http://gov.genealogy.net/ontology.owl,gov,http://gov.genealogy.net/ontology.owl#
http://purl.org/goodrelations/v1,gr,http://purl.org/goodrelations/v1#
http://www.w3.org/2003/g/data-view,grddl,http://www.w3.org/2003/g/data-view#
http://www.w3.org/2006/gen/ont,gso,http://www.w3.org/2006/gen/ont#
http://www.opengis.net/ont/geosparql,gsp,http://www.opengis.net/ont/geosparql#
http://vocab.gtfs.org/terms#,gtfs,http://vocab.gtfs.org/terms#
http://resource.geosciml.org/ontology/timescale/gts,gts,http://resource.geosciml.org/ontology/timescale/gts#
http://vocab.getty.edu/ontology,gvp,http://vocab.getty.edu/ontology#
http://def.seegrid.csiro.au/isotc211/iso19150/-2/2012/basic,h2o,http://def.seegrid.csiro.au/isotc211/iso19150/-2/2012/basic#
http://sensormeasurement.appspot.com/ont/home/homeActivity#,ha,http://sensormeasurement.appspot.com/ont/home/homeActivity#
http://www.samos.gr/ontologies/helpdeskOnto.owl,hdo,http://www.samos.gr/ontologies/helpdeskOnto.owl#
http://purl.org/ontology/holding,holding,http://purl.org/ontology/holding#
http://iserve.kmi.open.ac.uk/ns/hrests,hr,http://iserve.kmi.open.ac.uk/ns/hrests#
http://vcharpenay.github.io/hto/hto.xml,hto,http://project-haystack.org/hto#
http://www.w3.org/2011/http,http,http://www.w3.org/2011/http#
https://www.auto.tuwien.ac.at/downloads/thinkhome/ontology/WeatherOntology.owl,hw,https://www.auto.tuwien.ac.at/downloads/thinkhome/ontology/WeatherOntology.owl
http://www.w3.org/ns/hydra/core,hydra,http://www.w3.org/ns/hydra/core#
http://ontology.eil.utoronto.ca/icontact.owl,ic,http://ontology.eil.utoronto.ca/icontact.owl#
http://rdf.insee.fr/def/demo,idemo,http://rdf.insee.fr/def/demo#
http://www.identity.org/ontologies/identity.owl,identity,http://www.identity.org/ontologies/identity.owl#
http://rdf.insee.fr/def/geo,igeo,http://rdf.insee.fr/def/geo#
http://data.ign.fr/def/ignf,ignf,http://data.ign.fr/def/ignf#
http://vocab.resc.info/incident,incident,http://vocab.resc.info/incident#
http://www.ontologydesignpatterns.org/cp/owl/informationrealization.owl,infor,http://www.ontologydesignpatterns.org/cp/owl/informationrealization.owl#
http://purl.org/innovation/ns,inno,http://purl.org/innovation/ns#
http://reference.data.gov.uk/def/intervals,interval,http://reference.data.gov.uk/def/intervals/
http://www.ontologydesignpatterns.org/ont/dul/IOLite.owl,iol,http://www.ontologydesignpatterns.org/ont/dul/IOLite.owl#
http://www.irit.fr/recherches/MELODI/ontologies/IoT-O,ioto,http://www.irit.fr/recherches/MELODI/ontologies/IoT-O#
http://purl.org/ipo/core,ipo,http://purl.org/ipo/core#
http://www.ontologydesignpatterns.org/ont/web/irw.owl,irw,http://www.ontologydesignpatterns.org/ont/web/irw.owl#
http://purl.org/ontology/is/core#,is,http://purl.org/ontology/is/core#
http://iflastandards.info/ns/isbd/elements/,isbd,http://iflastandards.info/ns/isbd/elements/
http://purl.org/iso25964/skos-thes,iso-thes,http://purl.org/iso25964/skos-thes#
http://ontology.eil.utoronto.ca/ISO37120.owl,iso37120,http://ontology.eil.utoronto.ca/ISO37120.owl#
http://dati.isprambiente.it/ontology/core#,ispra,http://dati.isprambiente.it/ontology/core#
http://spi-fm.uca.es/spdef/models/genericTools/itm/1.0,itm,http://spi-fm.uca.es/spdef/models/genericTools/itm/1.0#
http://ontology.it/itsmo/v1,itsmo,http://ontology.it/itsmo/v1#
http://w3id.org/charta77/jup,jup,http://w3id.org/charta77/jup/
http://rdfs.co/juso/,juso,http://rdfs.co/juso/
http://rdfs.co/juso/kr/,juso.kr,http://rdfs.co/juso/kr/
http://kdo.render-project.eu/kdo#,kdo,http://kdo.render-project.eu/kdo#
http://linkeddata.center/kees/v1,kees,http://linkeddata.center/kees/v1#
http://purl.org/NET/c4dm/keys.owl,keys,http://purl.org/NET/c4dm/keys.owl#
http://www.disit.org/km4city/schema,km4c,http://www.disit.org/km4city/schema#
http://purl.org/net/vocab/2004/03/label,label,http://purl.org/net/vocab/2004/03/label#
http://lawd.info/ontology/,lawd,http://lawd.info/ontology/
http://purl.org/vocab/lifecycle/schema,lcy,http://purl.org/vocab/lifecycle/schema#
http://www.w3.org/ns/ldp#,ldp,http://www.w3.org/ns/ldp#
http://purl.oclc.org/NET/ldr/ns#,ldr,http://purl.oclc.org/NET/ldr/ns#
http://linked.opendata.cz/ontology/ldvm/,ldvm,http://linked.opendata.cz/ontology/ldvm/
http://lemon-model.net/lemon,lemon,http://lemon-model.net/lemon#
http://www.lexinfo.net/ontology/2.0/lexinfo,lexinfo,http://www.lexinfo.net/ontology/2.0/lexinfo#
http://linkedgeodata.org/ontology,lgdo,http://linkedgeodata.org/ontology/
http://def.seegrid.csiro.au/isotc211/iso19115/2003/lineage,li,http://def.seegrid.csiro.au/isotc211/iso19115/2003/lineage#
http://purl.org/library/,lib,http://purl.org/library/
http://www.irit.fr/recherches/MELODI/ontologies/IoT-Lifecycle,lifecycle,http://purl.org/vocab/lifecycle/schema#
http://purl.org/limo-ontology/limo/,limo,http://purl.org/limo-ontology/limo#
http://purl.org/LiMo/0.1#,limoo,http://purl.org/LiMo/0.1#
http://www.lingvoj.org/ontology,lingvo,http://www.lingvoj.org/ontology#
http://purl.org/net/lio,lio,http://purl.org/net/lio#
http://www.linklion.org/ontology,llont,http://www.linklion.org/ontology#
http://www.ontologydesignpatterns.org/ont/lmm/LMM_L1.owl,lmm1,http://www.ontologydesignpatterns.org/ont/lmm/LMM_L1.owl#
http://www.ontologydesignpatterns.org/ont/lmm/LMM_L2.owl,lmm2,http://www.ontologydesignpatterns.org/ont/lmm/LMM_L2.owl#
http://purl.org/ctic/infraestructuras/localizacion,loc,http://purl.org/ctic/infraestructuras/localizacion#
http://data.archiveshub.ac.uk/def/,locah,http://data.archiveshub.ac.uk/def/
http://www.w3.org/ns/locn,locn,http://www.w3.org/ns/locn#
http://linkedevents.org/ontology/,lode,http://linkedevents.org/ontology/
http://www.w3.org/2000/10/swap/log,log,http://www.w3.org/2000/10/swap/log#
http://data.opendiscoveryspace.eu/lom_ontology_ods.owl,lom,http://data.opendiscoveryspace.eu/lom_ontology_ods.owl#
http://loted.eu/ontology,loted,http://loted.eu/ontology#
http://linkedscience.org/lsc/ns#,lsc,http://linkedscience.org/lsc/ns#
http://ontology.cybershare.utep.edu/ELSEWeb/elseweb-lifemapper.owl,lslife,http://ontology.cybershare.utep.edu/ELSEWeb/elseweb-lifemapper.owl#
http://ontology.cybershare.utep.edu/ELSEWeb/mappings/elseweb-mappings.owl,lsmap,http://ontology.cybershare.utep.edu/ELSEWeb/elseweb-data.owl#
http://lsq.aksw.org/vocab,lsq,http://lsq.aksw.org/vocab#
http://ontology.cybershare.utep.edu/ELSEWeb/elseweb-data.owl,lsweb,http://ontology.cybershare.utep.edu/ELSEWeb/elseweb-data.owl#
http://ontology.cybershare.utep.edu/ELSEWeb/elseweb-modelling.owl,lswmo,http://ontology.cybershare.utep.edu/ELSEWeb/elseweb-modelling.owl#
http://ontology.cybershare.utep.edu/ELSEWeb/elseweb-lifemapper-parameters.owl,lswpm,http://ontology.cybershare.utep.edu/ELSEWeb/elseweb-lifemapper-parameters.owl#
http://ns.inria.fr/ludo,ludo,http://ns.inria.fr/ludo
http://ns.inria.fr/ludo/v1/xapi,ludo-xapi,http://ns.inria.fr/ludo/v1/xapi#
http://purl.org/lobid/lv,lv,http://purl.org/lobid/lv#
http://lexvo.org/ontology,lvont,http://lexvo.org/ontology#
http://purl.org/linkingyou/,lyou,http://purl.org/linkingyou/
http://purl.org/iot/vocab/m3-lite#,m3lite,http://purl.org/iot/vocab/m3-lite#
http://www.w3.org/ns/ma-ont,ma-ont,http://www.w3.org/ns/ma-ont#
http://www.loc.gov/mads/rdf/v1,mads,http://www.loc.gov/mads/rdf/v1#
http://www.gsi.dit.upm.es/ontologies/marl/ns,marl,http://www.gsi.dit.upm.es/ontologies/marl/ns#
http://securitytoolbox.appspot.com/MASO,maso,http://securitytoolbox.appspot.com/MASO#
http://def.seegrid.csiro.au/isotc211/iso19115/2003/metadata,md,http://def.seegrid.csiro.au/isotc211/iso19115/2003/metadata#
http://rdf.myexperiment.org/ontologies/base/,meb,http://rdf.myexperiment.org/ontologies/base/
http://purl.org/media,media,http://purl.org/media#
http://mex.aksw.org/mex-algo,mexalgo,http://mex.aksw.org/mex-algo#
http://mex.aksw.org/mex-core,mexcore,http://mex.aksw.org/mex-core#
http://mex.aksw.org/mex-perf,mexperf,http://mex.aksw.org/mex-perf#
http://rdf.muninn-project.org/ontologies/military,mil,http://rdf.muninn-project.org/ontologies/military#
http://purl.org/ontology/mo/,mo,http://purl.org/ontology/mo/
http://www.observedchange.com/moac/ns#,moac,http://observedchange.com/moac/ns#
http://moat-project.org/ns#,moat,http://moat-project.org/ns#
http://id.loc.gov/vocabulary/relators,mrel,http://id.loc.gov/vocabulary/relators/
http://iserve.kmi.open.ac.uk/ns/msm,msm,http://iserve.kmi.open.ac.uk/ns/msm#
http://www.telegraphis.net/ontology/measurement/measurement#,msr,http://www.telegraphis.net/ontology/measurement/measurement#
http://www.ics.forth.gr/isl/MarineTLO/v4/marinetlo.owl,mtlo,http://www.ics.forth.gr/isl/MarineTLO/v4/marinetlo.owl#
http://www.kanzaki.com/ns/music,music,http://www.kanzaki.com/ns/music#
http://purl.org/muto/core,muto,http://purl.org/muto/core#
http://purl.oclc.org/NET/mvco.owl,mvco,http://purl.oclc.org/NET/mvco.owl#
http://www.semanticdesktop.org/ontologies/2007/08/15/nao,nao,http://www.semanticdesktop.org/ontologies/2007/08/15/nao#
http://www.semanticdesktop.org/ontologies/2007/04/02/ncal,ncal,http://www.semanticdesktop.org/ontologies/2007/04/02/ncal#
http://www.semanticdesktop.org/ontologies/2007/03/22/nco,nco,http://www.semanticdesktop.org/ontologies/2007/03/22/nco#
http://www.semanticdesktop.org/ontologies/2007/03/22/nfo,nfo,http://www.semanticdesktop.org/ontologies/2007/03/22/nfo#
http://geovocab.org/geometry,ngeo,http://geovocab.org/geometry#
http://www.semanticdesktop.org/ontologies/2007/01/19/nie,nie,http://www.semanticdesktop.org/ontologies/2007/01/19/nie#
http://persistence.uni-leipzig.org/nlp2rdf/ontologies/nif-core#,nif,http://persistence.uni-leipzig.org/nlp2rdf/ontologies/nif-core#
http://lod.nl.go.kr/ontology/,nlon,http://lod.nl.go.kr/ontology/
http://ns.nature.com/terms/,npg,http://ns.nature.com/terms/
http://www.semanticdesktop.org/ontologies/2007/08/15/nrl,nrl,http://www.semanticdesktop.org/ontologies/2007/08/15/nrl#
http://purl.org/ontology/storyline,nsl,http://purl.org/ontology/storyline/
http://ns.inria.fr/nicetag/2010/09/09/voc,ntag,http://ns.inria.fr/nicetag/2010/09/09/voc#
http://www.w3.org/ns/oa#,oa,http://www.w3.org/ns/oa#
http://lod.xdams.org/reload/oad,oad,http://lod.xdams.org/reload/oad/
http://www.ics.forth.gr/isl/oae/core,oae,http://www.ics.forth.gr/isl/oae/core#
http://data.lirmm.fr/ontologies/oan,oan,http://data.lirmm.fr/ontologies/oan/
http://purl.obolibrary.org/obo/obi.owl,obo,http://purl.obolibrary.org/obo/
http://rdf.geospecies.org/methods/observationMethod.rdf,obsm,http://rdf.geospecies.org/methods/observationMethod#
http://delicias.dia.fi.upm.es/ontologies/ObjectWithStates.owl,obws,http://delicias.dia.fi.upm.es/ontologies/ObjectWithStates.owl#
http://contextus.net/ontology/ontomedia/core/expression#,oc,http://contextus.net/ontology/ontomedia/core/expression#
http://dati.camera.it/ocd/,ocd,http://dati.camera.it/ocd/
http://vocab.deri.ie/odapp,odapp,http://vocab.deri.ie/odapp#
http://semweb.mmlab.be/ns/odapps,odapps,http://semweb.mmlab.be/ns/odapps#
http://www.ontologydesignpatterns.org/cp/owl/participation.owl,odpart,http://www.ontologydesignpatterns.org/cp/owl/participation.owl#
http://www.w3.org/ns/odrl/2/,odrl,http://www.w3.org/ns/odrl/2/
http://schema.theodi.org/odrs,odrs,http://schema.theodi.org/odrs#
http://reference.data.gov.uk/def/organogram,odv,http://reference.data.gov.uk/def/organogram/
http://www.oegov.org/core/owl/cc,oecc,http://www.oegov.org/core/owl/cc#
http://owlrep.eu01.aws.af.cm/fridge,of,http://owlrep.eu01.aws.af.cm/fridge#
http://purl.org/opdm/refrigerator#,ofrd,http://purl.org/opdm/refrigerator#
http://ogp.me/ns,og,http://ogp.me/ns#
http://semweb.mmlab.be/ns/oh,oh,http://semweb.mmlab.be/ns/oh#
http://www.lingvoj.org/olca,olca,http://www.lingvoj.org/olca#
http://purl.org/ontology/olo/core#,olo,http://purl.org/ontology/olo/core#
http://def.seegrid.csiro.au/isotc211/iso19156/2011/observation,om,http://def.seegrid.csiro.au/isotc211/iso19156/2011/observation#
http://def.seegrid.csiro.au/ontology/om/om-lite,oml,http://def.seegrid.csiro.au/ontology/om/om-lite#
http://open-multinet.info/ontology/omn,omn,http://open-multinet.info/ontology/omn#
http://open-multinet.info/ontology/omn-federation,omnfed,http://open-multinet.info/ontology/omn-federation#
http://open-multinet.info/ontology/omn-lifecycle,omnlc,http://open-multinet.info/ontology/omn-lifecycle#
http://www.ics.forth.gr/isl/oncm/core,onc,http://www.ics.forth.gr/isl/oncm/core#
http://purl.org/net/ns/ontology-annot,ont,http://purl.org/net/ns/ontology-annot#
http://www.ontologydesignpatterns.org/ont/dul/ontopic.owl,ontopic,http://www.ontologydesignpatterns.org/ont/dul/ontopic.owl#
http://www.semanticweb.org/ontologies/2008/11/OntologySecurity.owl,ontosec,http://www.semanticweb.org/ontologies/2008/11/OntologySecurity.owl#
http://www.gsi.dit.upm.es/ontologies/onyx/ns,onyx,http://www.gsi.dit.upm.es/ontologies/onyx/ns#
http://purl.org/openorg/,oo,http://purl.org/openorg/
http://environment.data.gov.au/def/op,op,http://environment.data.gov.au/def/op#
http://ontology.eil.utoronto.ca/open311.owl,open311,http://ontology.eil.utoronto.ca/open311#
http://openprovenance.org/model/opmo,opmo,http://openprovenance.org/model/opmo#
http://purl.org/net/opmv/ns#,opmv,http://purl.org/net/opmv/ns#
http://www.opmw.org/ontology/,opmw,http://www.opmw.org/ontology/
http://online-presence.net/opo/ns#,opo,http://online-presence.net/opo/ns#
http://lsdis.cs.uga.edu/projects/semdis/opus#,opus,http://lsdis.cs.uga.edu/projects/semdis/opus#
http://www.openarchives.org/ore/terms/,ore,http://www.openarchives.org/ore/terms/
http://www.w3.org/ns/org#,org,http://www.w3.org/ns/org#
http://datos.gob.es/def/sector-publico/organizacion#,orges,http://datos.gob.es/def/sector-publico/organizacion#
http://data.ordnancesurvey.co.uk/ontology/admingeo/,osadm,http://data.ordnancesurvey.co.uk/ontology/admingeo/
http://data.ordnancesurvey.co.uk/ontology/geometry/,osgeom,http://data.ordnancesurvey.co.uk/ontology/geometry/
http://open-services.net/ns/core#,oslc,http://open-services.net/ns/core#
http://purl.org/oslo/ns/localgov,oslo,http://purl.org/oslo/ns/localgov#
http://data.lirmm.fr/ontologies/osp,osp,http://data.lirmm.fr/ontologies/osp#
http://contextus.net/ontology/ontomedia/core/space#,osr,http://contextus.net/ontology/ontomedia/core/space#
http://data.ordnancesurvey.co.uk/ontology/spatialrelations/,osspr,http://data.ordnancesurvey.co.uk/ontology/spatialrelations/
http://www.ordnancesurvey.co.uk/ontology/Topography/v0.1/Topography.owl,ostop,http://www.ordnancesurvey.co.uk/ontology/Topography/v0.1/Topography.owl#
http://open.vocab.org/terms,ov,http://open.vocab.org/terms/
http://www.w3.org/2002/07/owl,owl,http://www.w3.org/2002/07/owl#
http://purl.org/net/p-plan#,p-plan,http://purl.org/net/p-plan#
http://reference.data.gov.uk/def/parliament,parl,http://reference.data.gov.uk/def/parliament/
http://purl.org/vocab/participation/schema,part,http://purl.org/vocab/participation/schema#
http://data.lirmm.fr/ontologies/passim,passim,http://data.lirmm.fr/ontologies/passim#
http://purl.org/hpi/patchr#,pat,http://purl.org/hpi/patchr#
http://www.essepuntato.it/2008/12/pattern,pattern,http://www.essepuntato.it/2008/12/pattern#
http://purl.org/pav/,pav,http://purl.org/pav/
http://reference.data.gov.uk/def/payment#,pay,http://reference.data.gov.uk/def/payment#
http://purl.org/ontology/pbo/core#,pbo,http://purl.org/ontology/pbo/core#
http://purl.org/procurement/public-contracts,pc,http://purl.org/procurement/public-contracts#
http://vocab.deri.ie/pdo,pdo,http://ontologies.smile.deri.ie/pdo#
http://www.w3.org/ns/person,person,http://www.w3.org/ns/person#
http://www.ontotext.com/proton/protonext,pext,http://www.ontotext.com/proton/protonext#
http://rdf-vocabulary.ddialliance.org/phdd,phdd,http://rdf-vocabulary.ddialliance.org/phdd#
http://purl.org/ontology/places,place,http://purl.org/ontology/places#
http://purl.org/net/po#,plo,http://purl.org/net/po#
http://inference-web.org/2.0/pml-provenance.owl,pmlp,http://inference-web.org/2.0/pml-provenance.owl#
http://data.press.net/ontology/asset/,pna,http://data.press.net/ontology/asset/
http://data.press.net/ontology/classification/,pnc,http://data.press.net/ontology/classification/
http://data.press.net/ontology/event/,pne,http://data.press.net/ontology/event/
http://data.press.net/ontology/identifier/,pni,http://data.press.net/ontology/identifier/
http://data.press.net/ontology/stuff/,pns,http://data.press.net/ontology/stuff/
http://data.press.net/ontology/tag/,pnt,http://data.press.net/ontology/tag/
http://purl.org/ontology/po/,po,http://purl.org/ontology/po/
http://dev.poderopedia.com/vocab/schema,poder,http://dev.poderopedia.com/vocab/
http://data.ordnancesurvey.co.uk/ontology/postcode/,postcode,http://data.ordnancesurvey.co.uk/ontology/postcode/
http://data.lirmm.fr/ontologies/poste,poste,http://data.lirmm.fr/ontologies/poste#
http://vocab.deri.ie/ppo,ppo,http://vocab.deri.ie/ppo#
http://contsem.unizar.es/def/sector-publico/pproc,pproc,http://contsem.unizar.es/def/sector-publico/pproc#
http://purl.org/ontology/prv/core#,pr,http://purl.org/ontology/prv/core#
http://www.loc.gov/premis/rdf/v1,premis,http://www.loc.gov/premis/rdf/v1#
http://ns.inria.fr/prissma/v2#,prissma,http://ns.inria.fr/prissma/v2#
http://purl.org/spar/pro,pro,http://purl.org/spar/pro/
http://purl.org/prog/,prog,http://purl.org/prog/
http://www.w3.org/ns/prov#,prov,http://www.w3.org/ns/prov#
http://ns.inria.fr/provoc,provoc,http://ns.inria.fr/provoc#
http://purl.org/net/provenance/ns#,prv,http://purl.org/net/provenance/ns#
http://purl.org/net/provenance/types#,prvt,http://purl.org/net/provenance/types#
http://purl.org/spar/pso,pso,http://purl.org/spar/pso/
http://www.ontotext.com/proton/protontop,ptop,http://www.ontotext.com/proton/protontop#
http://purl.org/spar/pwo,pwo,http://purl.org/spar/pwo/
http://purl.org/linked-data/cube,qb,http://purl.org/linked-data/cube#
http://purl.org/qb4olap/cubes,qb4o,http://purl.org/qb4olap/cubes#
http://purl.oclc.org/NET/ssnx/qu/qu,qu,http://purl.oclc.org/NET/ssnx/qu/qu#
http://qudt.org/schema/qudt,qudt,http://qudt.org/schema/qudt#
http://guava.iis.sinica.edu.tw/r4r,r4r,http://guava.iis.sinica.edu.tw/r4r/
http://www.w3.org/ns/radion#,radion,http://www.w3.org/ns/radion#
http://vocab.deri.ie/raul,raul,http://purl.org/NET/raul#
http://rdaregistry.info/Elements/a,rdaa,http://rdaregistry.info/Elements/a/
http://rdaregistry.info/Elements/c,rdac,http://rdaregistry.info/Elements/c/
http://rdaregistry.info/Elements/e,rdae,http://rdaregistry.info/Elements/e/
http://rdvocab.info/uri/schema/FRBRentitiesRDA,rdafrbr,http://rdvocab.info/uri/schema/FRBRentitiesRDA/
http://rdvocab.info/Elements,rdag1,http://rdvocab.info/Elements/
http://rdvocab.info/ElementsGr2,rdag2,http://rdvocab.info/ElementsGr2/
http://rdvocab.info/ElementsGr3,rdag3,http://rdvocab.info/ElementsGr3/
http://rdaregistry.info/Elements/i,rdai,http://rdaregistry.info/Elements/i/
http://rdaregistry.info/Elements/m,rdam,http://rdaregistry.info/Elements/m/
http://rdvocab.info/RDARelationshipsWEMI,rdarel,http://rdvocab.info/RDARelationshipsWEMI/
http://metadataregistry.org/uri/schema/RDARelationshipsGR2,rdarel2,http://metadataregistry.org/uri/schema/RDARelationshipsGR2/
http://rdvocab.info/roles,rdarole,http://rdvocab.info/roles/
http://rdaregistry.info/Elements/u,rdau,http://rdaregistry.info/Elements/u/
http://rdaregistry.info/Elements/w,rdaw,http://rdaregistry.info/Elements/w/
http://www.w3.org/1999/02/22-rdf-syntax-ns#,rdf,http://www.w3.org/1999/02/22-rdf-syntax-ns#
http://www.w3.org/ns/rdfa#,rdfa,http://www.w3.org/ns/rdfa#
http://www.w3.org/2004/03/trix/rdfg-1/,rdfg,http://www.w3.org/2004/03/trix/rdfg-1/
http://www.w3.org/2000/01/rdf-schema#,rdfs,http://www.w3.org/2000/01/rdf-schema#
http://purl.org/ontology/rec/core#,rec,http://purl.org/ontology/rec/core#
http://www.w3.org/2001/02pd/rec54#,rec54,http://www.w3.org/2001/02pd/rec54#
http://purl.org/reco#,reco,http://purl.org/reco#
http://reegle.info/schema,reegle,http://reegle.info/schema#
http://purl.org/vocab/relationship/,rel,http://purl.org/vocab/relationship/
http://www.purl.org/net/remetca#,remetca,http://www.purl.org/net/remetca#
http://purl.org/stuff/rev#,rev,http://purl.org/stuff/rev#
http://persistence.uni-leipzig.org/nlp2rdf/ontologies/rlog#,rlog,http://persistence.uni-leipzig.org/nlp2rdf/ontologies/rlog#
http://purl.org/wf4ever/ro,ro,http://purl.org/wf4ever/ro#
http://www.w3.org/ns/regorg,rov,http://www.w3.org/ns/regorg#
http://www.w3.org/ns/r2rml#,rr,http://www.w3.org/ns/r2rml#
http://purl.org/rss/1.0,rss,http://purl.org/rss/1.0/
http://purl.org/imbi/ru-meta.owl,ru,http://purl.org/imbi/ru-meta.owl#
http://rdfunit.aksw.org/ns/core#,ruto,http://rdfunit.aksw.org/ns/core#
http://ns.inria.fr/s4ac/v2,s4ac,http://ns.inria.fr/s4ac/v2#
https://w3id.org/saref4ee,s4ee,https://w3id.org/saref4ee#
http://def.seegrid.csiro.au/isotc211/iso19156/2011/sampling,sam,http://def.seegrid.csiro.au/isotc211/iso19156/2011/sampling#
http://def.seegrid.csiro.au/ontology/om/sam-lite,samfl,http://def.seegrid.csiro.au/ontology/om/sam-lite#
http://salt.semanticauthoring.org/ontologies/sao,sao,http://salt.semanticauthoring.org/ontologies/sao#
https://w3id.org/saref,saref,https://w3id.org/saref#
http://purl.org/saws/ontology,saws,http://purl.org/saws/ontology#
http://schema.org/,schema,http://schema.org/
http://lod.taxonconcept.org/ontology/sci_people.owl,scip,http://lod.taxonconcept.org/ontology/sci_people.owl#
http://purl.org/spar/scoro/,scoro,http://purl.org/spar/scoro/
http://rdfs.org/scot/ns#,scot,http://rdfs.org/scot/ns#
http://vocab.deri.ie/scovo,scovo,http://purl.org/NET/scovo#
http://vocab.deri.ie/scsv,scsv,http://purl.org/NET/schema-org-csv#
http://www.w3.org/ns/sparql-service-description,sd,http://www.w3.org/ns/sparql-service-description#
http://purl.org/linked-data/sdmx,sdmx,http://purl.org/linked-data/sdmx#
http://purl.org/linked-data/sdmx/2009/code,sdmx-code,http://purl.org/linked-data/sdmx/2009/code#
http://purl.org/linked-data/sdmx/2009/dimension,sdmx-dimension,http://purl.org/linked-data/sdmx/2009/dimension#
http://salt.semanticauthoring.org/ontologies/sdo,sdo,http://salt.semanticauthoring.org/ontologies/sdo#
http://vocab.deri.ie/search,search,http://sindice.com/vocab/search#
http://purl.org/NET/seas,seas,http://purl.org/NET/seas#
http://securitytoolbox.appspot.com/securityMain,security,http://securitytoolbox.appspot.com/securityMain#
http://semanticweb.cs.vu.nl/2009/11/sem/,sem,http://semanticweb.cs.vu.nl/2009/11/sem/
http://www.lingvoj.org/semio.rdf,semio,http://www.lingvoj.org/semio#
http://www.ontologydesignpatterns.org/cp/owl/sequence.owl,seq,http://www.ontologydesignpatterns.org/cp/owl/sequence.owl#
http://purl.org/ontology/service,service,http://purl.org/ontology/service#
http://www.opengis.net/ont/sf,sf,http://www.opengis.net/ont/sf#
http://dati.cdec.it/lod/shoah/,shoah,http://dati.cdec.it/lod/shoah/
http://paul.staroch.name/thesis/SmartHomeWeather.owl#,shw,http://paul.staroch.name/thesis/SmartHomeWeather.owl#
http://purl.org/ontology/similarity/,sim,http://purl.org/ontology/similarity/
http://semanticscience.org/ontology/sio.owl,sio,http://semanticscience.org/resource/
http://rdfs.org/sioc/ns#,sioc,http://rdfs.org/sioc/ns#
http://www.ontologydesignpatterns.org/cp/owl/situation.owl,situ,http://www.ontologydesignpatterns.org/cp/owl/situation.owl#
http://www.w3.org/2004/02/skos/core,skos,http://www.w3.org/2004/02/skos/core#
http://www.w3.org/2008/05/skos-xl,skosxl,http://www.w3.org/2008/05/skos-xl#
http://ns.cerise-project.nl/energy/def/cim-smartgrid,smg,http://ns.cerise-project.nl/energy/def/cim-smartgrid#
http://rdf.myexperiment.org/ontologies/snarm/,snarm,http://rdf.myexperiment.org/ontologies/snarm/
http://purl.org/net/soron,sor,http://purl.org/net/soron/
http://spinrdf.org/sp,sp,http://spinrdf.org/sp#
http://geovocab.org/spatial,spatial,http://geovocab.org/spatial#
http://spi-fm.uca.es/spdef/models/deployment/spcm/1.0,spcm,http://spi-fm.uca.es/spdef/models/deployment/spcm/1.0#
http://kmi.open.ac.uk/projects/smartproducts/ontologies/food.owl,spfood,http://kmi.open.ac.uk/projects/smartproducts/ontologies/food.owl#
http://spinrdf.org/spin,spin,http://spinrdf.org/spin#
http://www.bbc.co.uk/ontologies/sport,sport,http://www.bbc.co.uk/ontologies/sport/
http://spitfire-project.eu/ontology/ns,spt,http://spitfire-project.eu/ontology/ns/
http://ns.inria.fr/ast/sql#,sql,http://ns.inria.fr/ast/sql#
http://salt.semanticauthoring.org/ontologies/sro,sro,http://salt.semanticauthoring.org/ontologies/sro#
http://www.w3.org/2005/Incubator/ssn/ssnx/ssn,ssn,http://purl.oclc.org/NET/ssnx/ssn#
http://purl.org/ontology/ssso,ssso,http://purl.org/ontology/ssso#
http://semweb.mmlab.be/ns/stoptimes#Ontology,st,http://semweb.mmlab.be/ns/stoptimes#
http://securitytoolbox.appspot.com/stac,stac,http://securitytoolbox.appspot.com/stac#
http://purl.org/net/step,step,http://purl.org/net/step#
http://purl.org/ontology/stories/,stories,http://purl.org/ontology/stories/
http://data.semanticweb.org/ns/swc/ontology,swc,http://data.semanticweb.org/ns/swc/ontology#
http://www.w3.org/2004/03/trix/swp-1,swp,http://www.w3.org/2004/03/trix/swp-1/
http://spi-fm.uca.es/spdef/models/deployment/swpm/1.0,swpm,http://spi-fm.uca.es/spdef/models/deployment/swpm/1.0#
http://sw-portal.deri.org/ontologies/swportal,swpo,http://sw-portal.deri.org/ontologies/swportal#
http://swrc.ontoware.org/ontology-07,swrc,http://swrc.ontoware.org/ontology#
http://www.w3.org/2003/11/swrl,swrl,http://www.w3.org/2003/11/swrl#
http://ns.bergnet.org/tac/0.1/triple-access-control,tac,http://ns.bergnet.org/tac/0.1/triple-access-control#
http://www.holygoat.co.uk/owl/redwood/0.1/tags/,tag,http://www.holygoat.co.uk/owl/redwood/0.1/tags/
http://vocab.deri.ie/tao,tao,http://vocab.deri.ie/tao#
http://purl.org/biodiversity/taxon/,taxon,http://purl.org/biodiversity/taxon/
http://www.w3.org/2006/time-entry,te,http://www.w3.org/2006/time-entry#
http://linkedscience.org/teach/ns#,teach,http://linkedscience.org/teach/ns#
http://www.w3.org/2006/03/test-description,test,http://www.w3.org/2006/03/test-description#
http://purl.org/theatre#,theatre,http://purl.org/theatre#
http://resource.geosciml.org/ontology/timescale/thors,thors,http://resource.geosciml.org/ontology/timescale/thors#
http://www.ontologydesignpatterns.org/cp/owl/timeinterval.owl,ti,http://www.ontologydesignpatterns.org/cp/owl/timeinterval.owl#
http://www.w3.org/2006/time,time,http://www.w3.org/2006/time#
http://purl.org/tio/ns#,tio,http://purl.org/tio/ns#
http://www.ontologydesignpatterns.org/cp/owl/timeindexedsituation.owl,tis,http://www.ontologydesignpatterns.org/cp/owl/timeindexedsituation.owl
http://www.observedchange.com/tisc/ns#,tisc,http://observedchange.com/tisc/ns#
http://purl.org/NET/c4dm/timeline.owl,tl,http://purl.org/NET/c4dm/timeline.owl#
http://def.seegrid.csiro.au/isotc211/iso19108/2002/temporal,tm,http://def.seegrid.csiro.au/isotc211/iso19108/2002/temporal#
http://www.w3.org/2001/sw/hcls/ns/transmed/,tmo,http://www.w3.org/2001/sw/hcls/ns/transmed/
http://data.ign.fr/def/topo,topo,http://data.ign.fr/def/topo#
http://tour-pedia.org/download/tp.owl,tp,http://tour-pedia.org/download/tp.owl#
http://www.sensormeasurement.appspot.com/ont/transport/traffic,traffic,http://www.sensormeasurement.appspot.com/ont/transport/traffic#
http://contextus.net/ontology/ontomedia/ext/common/trait#,trait,http://contextus.net/ontology/ontomedia/ext/common/trait#
http://vocab.org/transit/terms/,transit,http://vocab.org/transit/terms/
http://rdfs.org/sioc/types#,tsioc,http://rdfs.org/sioc/types#
http://idi.fundacionctic.org/cruzar/turismo,turismo,http://idi.fundacionctic.org/cruzar/turismo#
http://www.essepuntato.it/2012/04/tvc,tvc,http://www.essepuntato.it/2012/04/tvc/
http://lod.taxonconcept.org/ontology/txn.owl,txn,http://lod.taxonconcept.org/ontology/txn.owl#
http://www.w3.org/2006/timezone,tzont,http://www.w3.org/2006/timezone#
http://purl.org/olia/ubyCat.owl,uby,http://purl.org/olia/ubyCat.owl#
http://purl.org/uco/ns#,uco,http://purl.org/uco/ns#
http://www.w3.org/ns/ui,ui,http://www.w3.org/ns/ui#
http://umbel.org/umbel,umbel,http://umbel.org/umbel#
http://purl.org/umu/uneskos,uneskos,http://purl.org/umu/uneskos#
http://purl.uniprot.org/core/,uniprot,http://purl.uniprot.org/core/
http://uri4uri.net/vocab,uri4uri,http://uri4uri.net/vocab#
http://code-research.eu/ontology/visual-analytics,va,http://code-research.eu/ontology/visual-analytics#
http://www.linkedmodel.org/schema/vaem,vaem,http://www.linkedmodel.org/schema/vaem#
http://www.essepuntato.it/2013/10/vagueness,vag,http://www.essepuntato.it/2013/10/vagueness/
http://purl.org/vocab/vann/,vann,http://purl.org/vocab/vann/
http://www.w3.org/2006/vcard/ns,vcard,http://www.w3.org/2006/vcard/ns#
http://data.lirmm.fr/ontologies/vdpp,vdpp,http://data.lirmm.fr/ontologies/vdpp#
http://purl.org/net/VideoGameOntology,vgo,http://purl.org/net/VideoGameOntology#
http://www.w3.org/TR/2003/PR-owl-guide-20031209/wine,vin,http://www.w3.org/TR/2003/PR-owl-guide-20031209/wine#
http://vivoweb.org/ontology/core,vivo,http://vivoweb.org/ontology/core#
http://spi-fm.uca.es/spdef/models/genericTools/vmm/1.0,vmm,http://spi-fm.uca.es/spdef/models/genericTools/vmm/1.0#
http://purl.org/vocommons/voaf,voaf,http://purl.org/vocommons/voaf#
http://voag.linkedmodel.org/schema/voag,voag,http://voag.linkedmodel.org/voag#
http://vocab.deri.ie/void,void,http://rdfs.org/ns/void#
http://www.ics.forth.gr/isl/VoIDWarehouse/VoID_Extension_Schema.owl,voidwh,http://www.ics.forth.gr/isl/VoIDWarehouse/VoID_Extension_Schema.owl
http://simile.mit.edu/2003/10/ontologies/vraCore3#,vra,http://simile.mit.edu/2003/10/ontologies/vraCore3#
http://vocab.sti2.at/vrank,vrank,http://purl.org/voc/vrank#
http://www.w3.org/2003/06/sw-vocab-status/ns,vs,http://www.w3.org/2003/06/sw-vocab-status/ns#
http://vocab.sti2.at/vsearch/,vsearch,http://vocab.sti2.at/vsearch/
http://purl.org/vso/ns,vso,http://purl.org/vso/ns#
http://purl.org/vvo/ns#,vvo,http://purl.org/vvo/ns#
http://purl.org/wai#,wai,http://purl.org/wai#
http://www.w3.org/2007/05/powder-s,wdrs,http://www.w3.org/2007/05/powder-s#
http://purl.org/net/wf-invocation,wf-invoc,http://purl.org/net/wf-invocation#
http://purl.org/wf4ever/wfdesc,wfdesc,http://purl.org/wf4ever/wfdesc#
http://purl.org/net/wf-motifs,wfm,http://purl.org/net/wf-motifs#
http://purl.org/wf4ever/wfprov,wfprov,http://purl.org/wf4ever/wfprov#
http://vocab.org/whisky/terms,whisky,http://vocab.org/whisky/terms/
http://www.kanzaki.com/ns/whois,whois,http://www.kanzaki.com/ns/whois#
http://purl.org/ontology/wi/core#,wi,http://purl.org/ontology/wi/core#
http://spi-fm.uca.es/spdef/models/genericTools/wikim/1.0,wikim,http://spi-fm.uca.es/spdef/models/genericTools/wikim/1.0#
http://www.wsmo.org/ns/wsmo-lite#,wl,http://www.wsmo.org/ns/wsmo-lite#
http://purl.org/ontology/wo/,wlo,http://purl.org/ontology/wo/
http://purl.org/ontology/wo/core#,wo,http://purl.org/ontology/wo/core#
http://xmlns.com/wot/0.1/,wot,http://xmlns.com/wot/0.1/
http://purl.org/xapi/ontology#,xapi,http://purl.org/xapi/ontology#
http://www.w3.org/1999/xhtml/vocab,xhv,http://www.w3.org/1999/xhtml/vocab#
http://rdf-vocabulary.ddialliance.org/xkos,xkos,http://rdf-vocabulary.ddialliance.org/xkos#
http://www.w3.org/2001/XMLSchema,xsd,http://www.w3.org/2001/XMLSchema#
http://zbw.eu/namespaces/zbw-extensions,zbwext,http://zbw.eu/namespaces/zbw-extensions/
