<?xml version="1.0" encoding="UTF-8" standalone="no"?>
<catalog id="file:/E:/EMontiel-Laptop-20-04-10/ElenaOEG/WHO/ComparisonJeanMarie-UPM/USE-UPMcomparison/ICPS%20Network/" prefer="public" xml:base="file:/E:/EMontiel-Laptop-20-04-10/ElenaOEG/WHO/ComparisonJeanMarie-UPM/USE-UPMcomparison/ICPS%20Network/" xmlns="urn:oasis:names:tc:entity:xmlns:xml:catalog">
    <uri name="file:/D:/mpoveda/ICPS/Red%20ICPS/ICPS%20Network/ActionsToReduceRisk.owl" uri="ActionsToReduceRisk.owl"/>
    <uri name="http://www.ICPS/ontologies/Activity.owl" uri="Activity.owl"/>
    <uri name="http://www.ontologydesignpatterns.org/cp/owl/agentrole.owl" uri="agentrole.owl"/>
    <uri name="http://www.ICPS/ontologies/AmelioratingActions.owl" uri="AmelioratingActions.owl"/>
    <uri name="http://www.ICPS/ontologies/Anatomy.owl" uri="Anatomy.owl"/>
    <uri name="http://www.ICPS/ontologies/BuildingStructure" uri="BuildingStructure.owl"/>
    <uri name="http://www.ICPS/ontologies/Clothing.owl" uri="Clothing.owl"/>
    <uri name="http://www.ICPS/ontologies/ContributingFactors-Hazards" uri="ContributingFactors-Hazards.owl"/>
    <uri name="http://www.bpiresearch.com/BPMO/2004/03/03/cdl/Countries" uri="Countries.owl"/>
    <uri name="http://www.ICPS/ontologies/Detection.owl" uri="Detection.owl"/>
    <uri name="http://www.ICPS/ontologies/Furniture.owl" uri="Furniture.owl"/>
    <uri name="http://www.ICPS/ontologies/HospitalEquipment.owl" uri="HospitalEquipment.owl"/>
    <uri name="http://www.ICPS/ontologies/IncidentCharacteristic" uri="IncidentCharacteristic.owl"/>
    <uri name="http://www.ICPS/ontologies/Medication.owl" uri="Medication.owl"/>
    <uri name="http://www.ICPS/ontologies/MitigatingFactors.owl" uri="MitigatingFactors.owl"/>
    <uri name="http://www.ICPS/ontologies/OrganizationalOutcomes" uri="OrganizationalOutcomes.owl"/>
    <uri name="http://www.ICPS/ontologies/Outcomes.owl" uri="Outcomes.owl"/>
    <uri name="http://www.ICPS/ontologies/PatientCharacteristics.owl" uri="PatientCharacteristics.owl"/>
    <uri name="http://www.ICPS/ontologies/PatientOutcomes" uri="PatientOutcomes.owl"/>
    <uri name="http://www.ICPS/ontologies/PatientSafetyIncident" uri="PatientSafetyIncident.owl"/>
    <uri name="http://www.ICPS/ontologies/Person" uri="Person.owl"/>
    <uri name="http://www.ICPS/ontologies/Place" uri="Place.owl"/>
    <uri name="http://www.w3.org/2006/time-entry" uri="time-entry.owl"/>
    <uri name="http://www.ICPS/ontologies/" uri="PatientSafetyIncident.owl"/>
</catalog>
